8.23广东磨刀石大桥中山段船撞事故,梁式桥,钢筋混凝土桥,桥墩,夏,下午,华南区域,广东中山,地级市,碰撞事故,船只碰撞,严重损伤,2017年8月23日,广东省中山市磨刀门水道,1、接到报警电话后，海巡船艇迅速到达现场，开展救助指挥和现场巡视损失情况等工作，接载逃生的“顺宏海1188”船船员到海巡船上，对附近数十艘搁浅船舶逐一核查并提供协助解困。2、相关单位即时采取措施限制了桥上交通，避免了重大次生灾害事故发生。3、在中山海事局协调下，“粤顺德工0008”、“顺陈工程1号”、“粤东莞工0066”、“粤广州工0082”等四艘打捞船于8月24日～25日先后到达现场并开始现场探摸进行打捞准备工作，,台风“天鸽”登陆海岸--在磨刀门水道几只船舶发生走锚、锚链断裂、失控漂移和船舶碰撞--船舶失控、相互压碰勾连在一起--漂移至上游磨刀门特大桥--碰撞磨刀门大桥非通航孔桥墩,未知,约850万元
8.19广东磨刀石大桥珠海段船撞事故,梁式桥,钢筋混凝土桥,桥墩,夏,早晨,华南区域,广东珠海,地级市,碰撞事故,船只碰撞,中度损伤,2020年8月19日,广东省珠海市西部沿海高速公路珠海段,1、事故发生，广东省高速公路建设有限公司珠海段分公司立即启动《珠海段分公司特大桥梁结构物异常专项应急预案》1级响应并开展相关应急处置工作，同时通知海事、航道、交警等属地相关部门。2、8月19日上午，省交通运输厅、中山市交通运输局、珠海海事局、珠海市交警支队等部门接报后第一时间赶赴现场开展应急处置工作，并在西部沿海高速坦洲管理中心会议室组织召开了磨刀门大桥辅航道桥被船舶碰撞应急处置工作布置会，对东行交通采取全封闭交通管制，桥梁业主单位委托检测单位对桥梁受损情况进行了检测，珠海海事局发布安全提醒并组织船艇对磨刀门大桥副航道进行交通管制。3、8月20日上午10时，根据桥梁检测和验算结果，磨刀门大桥西往东方向（斗门往市区）部分开放，按一车道供车辆行驶。4、9月27日18时，磨刀门大桥抢险工程顺利完成，换梁、桥面系及防撞墙等工程均已完工，施工路段恢复双车道通行。,台风登录珠海--船舶系泊缆绳断裂，船舶拖锚漂移--船舶吊机房触碰上游方向的磨刀门大桥,未知,约850万元
9.1江苏苏州亭子桥船撞事故,梁式桥,钢筋混凝土桥,桥墩,秋,中午,华东区域,江苏苏州,地级市,碰撞事故,船只碰撞,坍塌,2004年9月1日,江苏省苏州市京杭大运河苏州段,1、事故发生后，江苏省地方海事局立即启动江苏省地方海事紧急预案。3、有关人员在第一时间及时赶到现场，对事故进行了解和处理，并统一协调无锡，常州，镇江等地对过往运河的船只进行交通管制，以减轻运河苏州段的交通压力。3、出动海事人员100多人到现场，出动大小艇力50多艘进行交通管制，指挥船只有序停靠。同时调集苏州市最具实力的4家打捞公司，出动15条打捞船对断桥进行打捞。,船只行驶--撞击桥墩--桥梁坍塌--航道阻塞--损失巨大,2人受伤,千万以上
8.3辽宁大连万家河大桥垮塌事故,梁式桥,钢筋混凝土桥,桥墩,夏,晚上,东北区域,辽宁大连,乡镇,水利事故,冲刷,坍塌,2012年8月3日,辽宁省大连市瓦房店市驼山乡,1、接到报警后，瓦房店市委、市政府主要领导高度重视，第一时间赶赴现场立即组织救援，并及时上报。2、辽宁省省长陈政高、常务副省长许卫国立即作出重要指示。辽宁省委常委、大连市委书记唐军，大连市长李万才亲赴现场指挥救援，大连市交通和水利部门共同组织施救。3、瓦房店市委、市政府成立了以市委书记巩其庄、市长赵阳为组长的现场救援指挥部，组织现场抢险救助、海上搜救、受伤人员的医疗安置及全市道路安全排查。4、对获救人员进行全力抢救。,热带风暴来临--各地普降大到暴雨--洪水冲击，掏空路基--大桥垮塌--多辆车落水,1人死亡，5人失踪,900余万元
3.19广东港珠澳大桥船撞事故,组合体系桥,钢筋混凝土桥,除以上部分之外的桥面下其他部位,春,早晨,华南区域,广东广州,省会城市,碰撞事故,船只碰撞,基本完好,2016年3月19日,广东省广州港伶仃水道,1、事故后，经检查无人员伤亡，发现左船舶水线以上有破损，船舶没有进水，对全船广播通报发生触碰事故，安抚旅客情绪，向公司报告事故情况。2、约5分钟后，该船离开事故现场，继续驶往澳门。抵达澳门后，向澳门港务局报告，澳门港务局要求该船向广州海事局报告。,船舶从香港启航--驶入港珠澳大桥高速客船专用临时航路--偏向高速客船专用临时航路右侧航行--触碰港珠澳大桥26#桥墩北侧3 根防撞桩,3人死亡、2人受伤,823.1万元
9.21浙江温州龙港大桥船撞事故,梁式桥,钢筋混凝土桥,桥面,秋,上午,华东区域,浙江温州,县级市,碰撞事故,船只碰撞,坍塌,1998年9月21日,浙江省温州市苍南县敖江,1、经宁波、温州两地政府多方协调，由肇事船舶代管单位浙江省鄞县某集团公司一次性支付350万元，作为大桥修复、人员伤亡和车辆坠毁等损失的赔偿，并由宁波海事法院一审判决由直接责任人张某承担。,船舶行驶--违规操作--撞击桥墩--桥面坍塌,4人死亡,600余万
9.8浙江舟山桃夭门大桥船撞事故,梁式桥,钢筋混凝土桥,桥面箱梁,秋,早晨,华东区域,浙江舟山,地级市,碰撞事故,船只碰撞,轻微损伤,2020年9月8日,浙江省舟山市,"1、舟山市海上搜救中心接到报警后，立即启动海上突发事件应急预案，指派舟山海事局所属“海巡07339""“海巡07334""赶赴事发现场进行处置，核查船舶及桃天门大桥受损情况。2、第一时间将相关情况通报给舟山市大桥管理部门，大桥管理部门及时对大桥受损情况进行了技术勘测，3、对大桥通行车辆实施了临时交通管制，防止次生事故发生。",船舶行驶--负载起重机过高--触碰箱梁,未知,250万元
5.10浙江舟山响礁门大桥船撞事故,梁式桥,钢筋混凝土桥,桥面箱梁,春,傍晚,华东区域,浙江舟山,地级市,碰撞事故,船只碰撞,轻微损伤,2016年5月10日,浙江省舟山市,"1、舟山市海上搜救中心接到险情报告后，立即组织力量开展遇险人员搜救及沉船应急处置工作。2、指令“海巡07339""、“海巡07346""，协调“舟港拖6""“舟桥巡9”及“浙舟海源82""前往现场参与搜救，并协调浙江蛟龙集团公司的打捞船前往进行沉船应急处置。",船舶行驶--急落流影响--船舶漂移--碰撞桥面箱梁--船舶沉没,1人失踪,120万元
12.26江苏无锡复兴桥坍塌事故,梁式桥,钢筋混凝土桥,桥面,冬,凌晨,华东区域,江苏无锡,地级市,过载事故,超载,坍塌,2009年12月26日,江苏省无锡市北塘区丽新路,1、无锡北塘区政府联合多个部门成立事故调查组，即将开展车辆的打捞、起吊、垃圾的清理工作。2、桥梁的复建工程也将择日展开。3、无锡市北塘区政府紧急召开新闻发布会，向社会通报此事件。,工地拆迁，车辆过载--压塌桥面--桥梁坍塌--一车落水,未造成人员伤亡,未知
7.18湖北仙桃岛口桥坍塌事故,拱式桥,圬工桥,桥面,夏,晚上,华中区域,湖北仙桃,乡镇,疲劳事故,疲劳,坍塌,2002年7月18日,湖北省仙桃市西流河镇岛口村,1、事故发生后，西流河镇党委书记左泽华等镇领导火速赶往一线指挥救人。2、西流河派出所指导员唐丛平率全所干警也赶到现场立即展开救援。3、仙桃市马市长、市政法委雷书记、市公安局李局长等领导也迅速赶到现场，组织指挥救援和打捞。,桥梁年久失修--村民纳凉--桥梁坍塌--多人落水,9人死亡，12人受伤。,未知
7.27浙江桐庐自然村廊桥桥顶垮塌事故,组合体系桥,混合桥,除以上部位之外的桥面上其他部位,夏,晚上,华东区域,浙江桐庐,乡镇,其他事故,强对流天气,严重损伤,2018年7月27日,浙江省桐庐县自然村,1、事发后，桐庐县、合村乡立即启动应急预案，开展应急救援工作。,强对流天气--吹垮廊桥桥顶,8人死亡，3人受伤,未知
9.7西藏林芝八一大桥坍塌事故,梁式桥,钢筋混凝土桥,桥面,秋,凌晨,西北区域,西藏林芝,地级市,水利事故,洪水,坍塌,2010年9月7日,西藏省林芝市,1、事件发生后，林芝地区行署已采取紧急措施，在桥两端设卡，禁止车辆和行人上桥。2、同时协调当地客运公司安排公交车接送八一大桥西面的西藏农牧学院、八一第一中学学生上学。,持续降雨--河水猛涨--大桥冲断,8人死亡，1人重伤，5人轻伤。,未知
6.15广东佛山九江大桥船撞事故,组合体系桥,预应力混凝土桥,桥墩,夏,清晨,华南区域,广东佛山,地级市,碰撞事故,船只碰撞,坍塌,2007年6月15日,广东省佛山市南海区,1、交通部启用战备渡口，全力处置九江大桥坍塌事故。2、交通部副部长徐祖远率领的交通部工作组已于傍晚抵达现场，指导交通部门开展应急处置和事故调查工作。3、对事故现场进行水下扫测，核实是否有车辆和行人落水。多艘海事巡逻船在现场进行秩序维持和搜救。4、广东海事局立即启动海上搜救应急预案。经全力组织协调救助。,运沙船行驶--违规操作，驶入非主航道--撞击桥墩--桥面坍塌--4辆汽车入水,8人死亡,未知
7.15天津塘沽津晋高速匝道桥坍塌事故,梁式桥,钢筋混凝土桥,桥面,夏,凌晨,华北区域,天津塘沽,直辖市,过载事故,超载,坍塌,2009年7月15日,天津市塘沽区津晋高速港塘收费站,1、事故发生后，市委、市政府高度重视，市委书记张高丽作出批示，要求全力以赴抢救伤员，周密细致做好善后工作，尽快查清事故原因，立即开展以建设项目、工地为重点的安全大检查，确保不再发生重大事故。2、市委副书记、市长黄兴国，市委副书记、滨海新区工委书记何立峰等市领导连夜赶到事故现场，了解情况，并召开会议提出明确要求。3、黄兴国强调，要抓紧救治伤员，做好死者家属安抚工作，尽快恢复交通，加强周边交通管理疏导，保证正常交通秩序，举一反三，对全市所有桥梁进行普查，进一步加大对超载车辆治理力度，切实消除安全隐患。,货车逆行--避让货车--超载车辆靠右密集停车--偏离行车道--巨大偏载--桥梁梁体向右侧倾斜--桥梁倒塌,6人死亡，4人受伤,未知
6.8吉林白山锦江大桥垮塌事故,拱式桥,钢筋混凝土桥,桥面,夏,晚上,东北区域,吉林白山,县级市,过载事故,超载,坍塌,2010年6月8日,吉林省白山市抚松县境内省道302朝长公路,未知,大桥年久失修--汽车过载通过--大桥坍塌,6人受伤,未知
4.25浙江杭州艮秋立交桥车撞事故,梁式桥,钢筋混凝土桥,桥底,春,中午,华东区域,浙江杭州,省会城市,碰撞事故,汽车碰撞,基本完好,2019年4月25日,浙江省杭州市秋涛北路,未知,客车行驶--超过限高--撞击桥梁底部--多人受伤,6人受伤,未知
7.9四川绵阳青莲盘江大桥坍塌事故,梁式桥,钢筋混凝土桥,桥墩,夏,中午,西南区域,四川绵阳,乡镇,水利事故,洪水,坍塌,2013年7月9日,四川省绵阳市江油市青莲镇,1、四川省政府副秘书长赵学谦、省应急办副主任骆西宁到江油查看灾情并指导抢险工作。2、绵阳、江油两市立即组织公安、武警、消防、民兵、交通、水务、医务、机关干部等2000余名人员，对沿江下游进行全力搜救。3、绵阳市已在全市范围内展开桥梁安全大检查。4、一是要尽最大努力搜救落水群众，在盘江下游直至汇入涪江河流域全线水域进行拉网式排查。二是严禁群众在河边打捞木材及其他物品，劝离危险地带，实行交通管制，严防发生新的人员伤亡。三是迅速调查核实坠河的车辆及人员的情况，及时上报信息并通过新闻发布会向社会发布准确信息。四是要迅速组织专业机构对盘江大桥（青莲老桥）垮塌原因进行科学调查分析，尽快查明原因。,特大暴雨--水位高涨--引发山体滑坡，泥石流--冲毁大桥,6人失踪，3人受伤,未知
3.16浙江临安浙西大峡谷景区剑门关浮桥侧翻事故,浮桥,木桥,桥面,春,上午,华东区域,浙江杭州,省会城市,意外事故,意外,坍塌,2005年3月6日,浙江省杭州市临安区浙西大峡谷景区剑门关景点,1、党政主要领导在第一时间作出批示，并率领有关部门和乡镇负责人迅速赶赴事故现场，紧急成立事故调查处理工作小组，组织指挥抢救和事故处理工作。2、浙西大峡谷景区停业整顿。3、下午2：00，市政府召开全市安全生产紧急会议，通报事故情况，迅速组织对全市范围旅游景区景点开展安全生产大检查，并举一反三，对全市安全生产工作作出紧急部署。,游客摇晃浮桥--浮桥侧翻--多人落水,5人死亡，5人受伤,未知
6.13广西柳州二渡马路桥坍塌事故,梁式桥,钢筋混凝土桥,桥墩,夏,凌晨,华南区域,广西柳州,乡镇,水利事故,洪水,坍塌,2001年6月13日,广西省柳州市鹿寨县四排乡,1、鹿寨县交警大队寨沙中队的民警及时赶到现场指挥交通。2、鹿寨县及柳州地区行署有关领导和政法各部门组织人员相继赶到现场开展抢险救人。3、成立事故调查组着手调查事故原因。4、对当地所有桥梁、涵洞、边坡进行安全检查，防止再次出现类似事故发生。,连降暴雨，山洪暴发--三里河河水猛涨--二渡马路桥桥墩被洪水冲塌--半边桥面随之坍塌--三辆农用车坠入河中,5人死亡,未知
11.6山西太原太钢人行便桥坍塌事故,梁式桥,钢筋混凝土桥,桥面,秋,晚上,华北区域,山西太原,省会城市,碰撞事故,火车超高,坍塌,2016年11月6日,山西省太原市太钢28宿舍附近,1、事故发生后，太原市、尖草坪区、太钢高度重视，第一时间组织抢险救援和应急处置。,太钢火车拉运大型机械--超高--碰撞人行便桥--桥梁坍塌,5人受伤,未知
7.24河南洛阳伊河汤营大桥坍塌事故,梁式桥,钢筋混凝土桥,桥面,夏,下午,华中区域,河南洛阳,乡镇,水利事故,洪水,坍塌,2010年7月24日,河南省洛阳市栾川县潭头镇汤营村,1、省、市领导都赶到现场指挥搜救。2、解放军驻洛某部舟桥团官兵、驻洛武警支队指战员以及栾川县、嵩县干部群众共计4000余人参与搜救，出动6艘冲锋舟不间断打捞。,暴雨引发洪水--大桥垮塌--参与搜救,53人遇难，13人失踪,未知
12.18湖北鄂州沪渝高速匝道桥侧翻事故,梁式桥,钢筋混凝土桥,桥面,冬,下午,华中区域,湖北鄂州,地级市,过载事故,超载,坍塌,2021年12月18日,湖北省鄂州市沪渝高速,1、事故发生后，交通运输部高度重视，要求迅速核实情况，督促指导湖北省交通运输部门做好应急救援、善后处置等工作。2、湖北省交通运输厅主要负责人已赶赴现场指挥处置，并会同公安交管部门制定现场路网分流管控及疏导方案，调动路政管理部门加强现场管控及救援处置工作。,车辆超载行驶--压塌高架桥,4人死亡，8人受伤,未知
1.19重庆城口大榜村索桥垮塌事故,悬索桥,索桥,吊杆,冬,上午,西南区域,重庆城口,乡镇,疲劳事故,疲劳,坍塌,2013年1月19日,重庆城口县周溪乡大榜村,1、事故发生之后，当地政府尽最大努力救治受伤人员，妥善处理死者的善后事宜。2、在全县范围内开展人行索道、石拱桥、木板桥、矿山索道等设施的安全隐患专项排查整治。,出殡--过桥--桥梁垮塌--多人落水,4人死亡，7人受伤,未知
6.29黑龙江铁力市西大桥坍塌事故,梁式桥,钢筋混凝土桥,桥墩,夏,下午,华北区域,黑龙江伊春,县级市,水利事故,冲刷,坍塌,2009年6月29日,黑龙江省伊春市铁力市,1、事故发生后，国务院领导同志作出重要批示，要求做好事故抢险救援和善后处理，查明事故原因。2、认真开展桥梁隐患排查治理，防止重特大事故发生。3、依法从严查处车辆超限超载违法行为，规范交通运输秩序。4、切实加强桥梁日常质量和安全管理，确保桥梁通行安全。,持续降雨--桥墩被水冲刷--基础沉降位移--大桥垮塌--8辆车落水,4人死亡，4人受伤,未知
7.16辽宁阜新洼子桥坍塌事故,梁式桥,钢筋混凝土桥,桥面,夏,凌晨,东北区域,辽宁阜新,乡镇,水利事故,洪水,坍塌,2013年7月16日,辽宁省阜新市阜蒙县沙拉镇国道101线,1、当地交通部门已设置两条限行土方隔断，并设立了绕道通行指示牌。封闭大桥，实行交通管制。2、养护公司动用两台钩机，两台铲车进行抢修，尽快打通便道。3、阜新市消防支队已出动40名救援人员着救生衣、绳索等相应装备紧急赶赴救援现场。4、到达现场后，消防救援人员立即成立搜救小组，利用绳索、挂钩，采取两岸拉网方式向下游拉排搜救失踪人员。,天降大雨--水面暴涨--突发洪水--冲断大桥,4人死亡，2人受伤。,未知
5.13湖南岳阳平江桥船撞事故,拱式桥,圬工桥,桥墩,春,上午,华中区域,湖南岳阳 ,乡镇,碰撞事故,船只撞击,坍塌,2012年5月13日,湖南省岳阳市平江县梅仙镇,1、平江县立即派出公安、消防官兵、民兵、有关专业人员，并组织当地干群500多人，调集3艘冲锋舟和2艘橡皮艇赶到现场营救。2、平江县增加多台挖机、钻机等技术设备。3、确保每班100人次的三班人员轮流24小时不间断搜救。,天降暴雨--特大山洪爆发--挖砂船从上游冲下--撞击桥墩--桥梁坍塌--9人落水,4人死亡，2人失踪,未知
8.2西藏林芝通麦大桥垮塌事故,梁式桥,钢筋混凝土桥,桥面,夏,晚上,西北区域,西藏林芝,县级市,疲劳事故,疲劳,坍塌,2013年8月2日,西藏省林芝地区波密县,1、接到报告后，林芝地区公安、消防、交通等部门迅速启动应急响应机制，消防、交通部门迅速组派工作组前往事故现场。2、在通麦大桥两侧设卡，实行交通管制，劝返、疏导人员和车辆，并做好司乘人员家属安抚工作。,桥梁疲劳--发生坍塌--一车坠河,4人死亡,未知
5.16甘肃洮河大桥坍塌事故,梁式桥,钢筋混凝土桥,桥面,春,上午,西北区域,甘肃岷县,县级市,过载事故,超载,坍塌,2006年5月16日,甘肃省岷县省道306线,1、立即搜救落水群众，送往医院治疗。,大桥年久失修--车辆超载，不堪重负--整体垮塌--两辆农用车辆落水损坏，4名群众落水受伤。,4人受伤,未知
1.4重庆綦江彩虹桥坍塌事故,拱式桥,钢筋混凝土桥,吊杆,冬,早晨,西南区域,重庆綦江,直辖市,质量问题,偷工减料,坍塌,1999年1月4日,重庆市綦江区,未知,桥梁建造不合格--发生坍塌--多人落水死亡,40人死亡,未知
8.24黑龙江哈尔滨阳明滩大桥引桥坍塌事故,悬索桥,钢筋混凝土桥,桥面,夏,清晨,东北区域,黑龙江哈尔滨,省会城市,过载事故,超载,坍塌,2012年8月24日,黑龙江省哈尔滨机场高速,1、哈尔滨120急救、消防、交警以及相关部门工作人员立即赶赴现场参与救援抢救。2、委托国家建筑工程质量监督检验中心对事故匝道的钢筋、混凝土等取样进行检验检测和鉴定，对车辆的装载、改装及行车路线和工程设计、质量、日常管理等方面进行调查取证。3、启动司法程序和行政问责机制，严肃查处桥梁倾覆事故责任单位和责任人。,3辆大挂车超载--驶入引桥同一侧--负载过重--桥面坍塌,3人死亡，5人受伤,未知
4.7江苏苏州堰月桥坍塌事故,梁式桥,钢筋混凝土桥,桥面,春,早晨,华东区域,江苏苏州,乡镇,疲劳事故,疲劳,坍塌,2005年4月7日,江苏省苏州市吴江区梅堰镇,未知,大桥年久失修--坍塌--1拖拉机和多人坠河,3人死亡，4人受伤,未知
1.16云南曲靖独木水库大桥垮塌事故,梁式桥,钢筋混凝土桥,桥面,冬,下午,西南区域,云南曲靖,乡镇,疲劳事故,疲劳,坍塌,2008年1月16日,云南省曲靖市麒麟区东山镇,1、事故发生后，孙家马场村民小组的组长马上叫了一些会游泳的人，驾驶机动船前去打捞，有3名落水村民不久就被打捞上来。,桥梁年久失修--发生坍塌--多人落水,3人死亡，1人受伤。,未知
9.22广西靖西邦亮村桥坍塌事故,梁式桥,圬工桥,桥面,秋,晚上,华南区域,广西靖西,乡镇,疲劳事故,疲劳,坍塌,2020年9月22日,广西省靖西市壬庄乡邦亮村,1、事发后，当地消防、应急、公安、医疗等救援力量紧急赶往现场展开救援。2、事发后立即关闭河流上游的水闸，两台挖掘机正在对掉入水中桥梁结构进行开挖搜救。3、现场消防救援力量与应急救援力量共同研究搜救对策，并决定采取人工搜救加机械辅助的方式展开搜救。,老旧桥梁--天降大雨--桥梁不堪重负--桥梁坍塌,3人死亡,未知
10.28江苏高邮四异桥船撞事故 ,拱式桥,钢筋混凝土桥,桥面,秋,下午,华东区域,江苏高邮,乡镇,碰撞事故,船只碰撞,坍塌,2008年10月28日,江苏省高邮市汉留镇,1、扬州市消防支队高邮市消防大队调度命令后，迅速出动3辆消防车、15名消防官兵赶赴现场救援，同时向扬州市公安消防支队值班领导报告。2、事故发生后，扬州市委书记季建业、市长王燕文作指示要迅速将被困人员救出。3、高邮市副市长及扬州市公安、交通、安监等部门领导先后赶赴现场组织指挥。,船只抢道--碰撞桥梁--大桥坍塌,3人受伤 ,未知
2.21浙江绍兴春晖立交桥坍塌事故,梁式桥,钢筋混凝土桥,桥面,冬,凌晨,华东区域,浙江绍兴,地级市,过载事故,超载,坍塌,2011年2月21日,浙江省绍兴市上虞区,1、事故发生后，上虞市立即启动应急预案，成立事故应急处置调查领导小组，开展现场调查和善后处置工作。2、浙江上虞就立交桥倒塌举行发布会。,货车超载--压塌立交桥--4辆大货车侧翻,3人受伤 ,未知
10.8上海青浦余家埭大桥船撞事故,梁式桥,钢筋混凝土桥,桥墩,秋,早晨,华东区域,上海青浦,乡镇,碰撞事故,船只碰撞,坍塌,2014年10月8日,上海青浦区白鹤镇,1、事故发生后，海事、公安等部门第一时间赶赴现场搜救落水人员。2、对事故水域实施水上及陆路交通管制，防止次生事故发生。3、立即开展打捞作业，调查事故原因。,空载船只失控--撞上桥墩--桥梁坍塌--砸坏船只--3人落水,3人受伤 ,未知
11.14湖南郴州麻地大桥坍塌事故,拱式桥,钢筋混凝土桥,桥面 ,秋,凌晨,华中区域,湖南郴州,乡镇,水利事故,冲刷,坍塌,2015年11月14日,湖南省彬州市嘉禾县珠泉镇,1、当地县委、政府对断桥两侧进行封锁。2、加派公安交警人员执勤。,连日暴雨--水位暴涨--大桥垮塌--三人落水,3人受伤 ,未知
7.6山西运城米汤沟大桥坍塌事故,梁式桥,钢筋混凝土桥,桥面,夏,凌晨,华北区域,山西运城,县级市,疲劳事故,疲劳,坍塌,2014年7月6日,山西省运城市平陆县平曹公路,1、运城市委、市政府、平陆县委、县政府迅速组织有关人员第一时间赶赴现场紧急处置。2、封闭大桥，专人值守，防止次生事故发生。3、大桥垮塌原因相关专家正在调查分析之中。,桥梁长期负载--年久失修--发生垮塌--一辆汽车掉落,3人受伤 ,未知
6.8福建乌龙江大桥船撞事故,梁式桥,钢筋混凝土桥,桥墩,春,下午,华东区域,福建福州,省会城市,碰撞事故,船只碰撞,基本完好,2006年6月8日,福建省福州市福泉高速公路,1、高速公路多个部门现场查看和紧急协商，福泉高速公路乌龙江大桥被暂时封桥。2、省交通厅和福州市等有关部门邀请有关桥梁专家对乌龙江特大桥进行安全方面的鉴定，在确保可以安全通行的前提下，恢复正常通行。3、施救人员尽最大的努力抢救可能存在的生还者。,天降大雨，水位暴涨--运砂船在准备抛锚时突然失控--在洪水中沿着乌龙江漂向下游--撞上了福泉高速公路乌龙江大桥桥墩后翻转,3人失踪,未知
3.25上海浦东随塘桥船撞事故,梁式桥,钢筋混凝土桥,桥面,春,凌晨,华东区域,上海浦东,直辖市,碰撞事故,船只碰撞,坍塌,2010年3月25日,上海市浦东新区滨海大治河,1、事发后，相关部门立即启动应急抢险预案，组织打捞船和抢险人员全力搜救。2、市政府有关领导和市容环卫、交通港口、公安交警及浦东新区等单位领导赶赴现场指挥协调抢险工作。,运输船行驶--失控--撞上大桥,3人失踪,未知
3.10江苏丹阳老黄埝桥坍塌事故,梁式桥,钢筋混凝土桥,桥面,春,上午,华东区域,江苏丹阳,乡镇,疲劳事故,疲劳,坍塌,2021年3月9日,江苏省丹阳市导墅镇,"1、接到报警后，市委书记、分管副市长即赶赴现场指挥救援和善后处置工作。2、市长、分管副市长即赶赴医院组织协调伤员救治事。3、市应急管理、公安、消防救援、交通、属地政府等部门赴现场开展事故救援及相关处置。4、镇江市委书记、市长迅速作出批示，镇江市常务副市长带领镇江市交通运输局、应急管理局相关负责同志赶赴现场指导救援，明确事故调查、善后处置等相关要求。5、已由5部门成立事故联合调查组，并邀请5名省级专家参与，对事故原因等展开调查。
",大桥年久失修--鉴定为4类桥--限高限载--坍塌,2人死亡、3人受伤,未知
11.7四川宜宾南门大桥断裂事故,悬索桥,钢筋混凝土桥,吊杆,秋,凌晨,西南区域,四川宜宾,地级市,其他事故,吊杆断裂,坍塌,2001年11月7日,四川省宜宾市,未知,吊杆断裂--桥面预制板发生坍塌--多人坠江,2人死亡、2人失踪、3人受伤,未知
7.15浙江杭州钱塘江三桥引桥坍陷事故,梁式桥,钢筋混凝土桥,桥面,夏,凌晨,华东区域,浙江杭州,省会城市,过载事故,超载,坍塌,2011年7月15日,浙江省杭州市,1、实行全面交通管制，禁止车辆通行。,货车超载行驶--桥面塌陷--汽车坠落,2人死亡，9人受伤。,未知
10.25 辽宁铁岭青洋河大桥塌陷事故,梁式桥,钢筋混凝土桥,桥面,秋,清晨,东北区域,辽宁铁岭,县级市,质量问题,偷工减料,坍塌,1998年10月25日,辽宁省铁岭市昌图县沈哈高速公路,未知,桥面混凝土厚度不足--桥面出现突发性脆性破坏--裸露在外的钢筋，扎漏了正在行驶的汽车的轮胎--2台货车相撞,2人死亡，5人受伤。,未知
7.23山东临沂庄子桥坍塌事故,梁式桥,钢筋混凝土桥,桥面,夏,清晨,华东区域,山东临沂,乡镇,水利事故,洪水,坍塌,2012年7月23日,山东省临沂市沂南县辛集镇,1、事故发生后，当地公安、交警、消防等部门迅速赶往现场组织施救。2、界湖消防中队接警后，立即出动2辆消防车、12名官兵赶赴现场实施救援。3、中队指挥员立即下达救援命令：指派有经验的攻坚队员，做好安全防护，利用安全绳对落水奥迪车前挡风玻璃两侧实施固定，以防车辆被洪水冲走，同时，携带安全带、救援绳、撬杠等工具开展救援。,天降暴雨--突发洪水--冲垮桥梁--紧急救援,2人死亡，2人受伤，2人失踪,未知
8.8江西抚州河东大桥坍塌事故,梁式桥,钢筋混凝土桥,桥墩,夏,上午,华东区域,江西抚州,县级市,水利事故,冲刷,坍塌,2012年8月8日,江西省抚州市广昌县,1、当地党政主要领导第一时间赶赴现场，正组织公安、消防等部门对现场开展清理工作。2、当地已邀请相关专家对大桥倒塌原因开展调查分析,河水冲刷--桥基掏空--桥梁坍塌,2人死亡，2人受伤,未知
8.29江苏昆山大洋桥船撞事故,梁式桥,钢筋混凝土桥,桥面,夏,中午,华东区域,江苏昆山,县级市,碰撞事故,船只碰撞,坍塌 ,2007年8月29日,江苏省昆山市,1、当地市领导第一时间赶赴现场，组织交通、安监、公安、消防、卫生等部门领导成立事故抢险指挥部，指挥营救工作。2、组织人员调查事故原因。,两船相向行驶--经过桥洞--避让不及--撞上桥墩--桥梁坍塌,2人死亡，1人受伤,未知
7.5黑龙江哈尔滨蚂蚁河大桥坍塌事故,拱式桥,圬工桥,桥墩,夏,晚上,东北区域,黑龙江哈尔滨,乡镇,水利事故,洪水,坍塌,2013年7月5日,黑龙江省哈尔滨市尚志市301国道辅线马延乡,1、事故发生后，当地政府迅速启动应急预案，成立应急指挥部，由市安监局牵头，消防、武警、水务、交通等部门及马延乡、尚志镇村各级300余人组成，由市长尹承云任组长，市委常委、常务副市长纪庆利，副市长郭超峰为副组长，现场指挥。2、现场指挥下设搜救组、现场处置组、医疗救护组、善后处理组等四个工作组全力进行搜救工作。3、交警进行交通管制。,桥梁年久失修--天降大雨--洪水冲垮桥梁--两辆出租车坠河,2人死亡，1人失踪,未知
7.25吉林磐石金矿桥坍塌事故,梁式桥,钢筋混凝土桥,桥面 ,夏,晚上,东北区域,吉林磐石,乡镇,水利事故,洪水,坍塌,2010年7月25日,吉林省吉林市磐石市烟囱山镇牛心村,1、村书记迅速组织村民进行救援。,大雨不断--洪水冲垮桥梁--2人落水身亡,2人死亡 ,未知
7.13上海临港新城东港区公用码头引桥船撞事故,梁式桥,钢筋混凝土桥,桥梁附属结构物,夏,晚上,华东区域,上海临港新片区,直辖市,碰撞事故,船只碰撞,中度损伤,2018年7月13日,上海临港新城东港区公用码头,未知,船舶多人不符资质--失去控制--碰撞引桥,2人死亡,未知
7.3江苏无锡九顷桥坍塌事故,梁式桥,钢筋混凝土桥,桥面,夏,凌晨,华东区域,江苏无锡,乡镇,过载事故,超载,坍塌,2007年7月3日,江苏省无锡市惠山区玉祁镇,1、事故发生后，无锡市公安、消防、安监、海事部门以及惠山区领导立即赶到了现场，积极组织营救。2、由于部分桥面坍塌后，整个大桥出现了多处裂痕，为防止再出意外，施工人员在桥的南侧砌起一堵墙封闭整个桥面。3、救援人员调集吊车、打捞船进行打捞。,卡车过载--通过桥梁--压塌桥面--桥梁坍塌--卡车坠河,2人死亡,未知
6.13广东党演大桥坍塌事故,梁式桥,钢筋混凝土桥,桥面,夏,下午,华南区域,广东河源,乡镇,水利事故,洪水,坍塌,2019年6月13日,广东省河源市东源县顺天镇党演村,1、顺天镇有关负责人接到村委会报告后第一时间赶往现场处置，并将情况报告县委县政府。2、市委常委、河源军分区司令员李云涛，县委书记赖小卫、县长骆世文等县领导接报后迅速赶往事发现场指挥救援。3、调配3艘冲锋舟在大桥下方水域搜救，惠州蓝天救援队已携带声纳专业设备前往事发水域救援。,暴雨刚过，河水猛涨--村民驾驶一辆小轿车路经--大桥被洪水冲击，瞬间垮塌--小轿车坠入河中,2人受伤,未知
10.14浙江台州椒江大桥船撞事故,梁式桥,钢筋混凝土桥,桥墩,秋,上午,华东区域,浙江台州,地级市,碰撞事故,船只碰撞,轻微损伤,2014年10月14日,浙江省台州市椒江区,1、事故反生后，台州海事局指挥中心立即启动应急预案，迅速开展救援行动，指派“海巡07569”前往现场，将2名遇险人员安全救倒艇上。2、台州海事局指挥中心利用VHF、手机短信等方式向辖区相关航运企业、船舶发送交通管制信息，提醒相关船舶不得进出椒江大桥水域，防止次生事故发生。3、通知椒江海事处政务中心严把船舶签证关，暂停进出椒江大桥水域船舶签证手续办理。4、强化椒江大桥现场监控，利用CCTV、AIS、VHF等信息化手段结合海巡艇现场驻守加强大桥水域监控，防止船舶冒险通过大桥水域。5、加强与局VTS联动，增派“海巡07561”现场机动游弋，敦促港内需进出椒江大桥水域船舶选择安全水域、锚地就地抛锚，同时做好解释工作。6、合理安排执法人员现场驻守，确保现场水域24小时不间断无缝监管。,船舶通过桥梁--盲目掉头--碰撞桥墩防护栏--船舶沉没,2人受伤,未知
11.5河南项城汾河桥坍塌,梁式桥,钢筋混凝土桥,桥面,秋,清晨,华中区域,河南周口,县级市,过载事故,超载,坍塌,2011年11月5日,河南省周口市项城市,未知,大桥年久失修--卡车超载经过--大桥坍塌--4辆机动车落水,2人受伤,未知
12.12广东美德大桥坍塌事故,拱式桥,圬工桥,桥面,冬,晚上,华南区域,广东揭阳,乡镇,疲劳事故,疲劳,坍塌,2005年12月12日,广东省揭阳市揭西县京溪园镇,1、事故发生后，揭西县委县政府十分重视，县委书记黄陇章等主要领导及公安、交通、卫生有关部门迅速赶到现场组织抢救搜寻，将两名伤者送到医院抢救。2、事发当晚，揭西县成立了“12·12”美德大桥崩塌事故处置工作领导小组，分成医疗抢救、事故处理、善后工作、宣传信息、大桥重建等五个小组同时展开工作。,交通要道--车辆多、负荷大。大桥损耗严重--大桥不堪重负坍塌--两辆摩托车先后因刹车不及掉下河去,2人受伤,未知
4.21广州珠江大桥坍塌事故,梁式桥,钢筋混凝土桥,桥面,春,凌晨,华南区域,广东广州,省会城市,疲劳事故,疲劳,坍塌,2003年4月21日,广东省广州市,1、交警封锁了桥面，并通知施工队前来抢修。,年久失修，大桥不堪重负--桥面塌陷--摩托车掉进坑内--两人受伤,2人受伤,未知
5.29吉林长春东荣大桥塌陷事故,梁式桥,钢筋混凝土桥,桥面,春,凌晨,东北区域,吉林长春,省会城市,过载事故,超载,坍塌,2011年5月29日,吉林省长春市南关区,1、交警封闭前往塌陷桥面的公路 。2、长春市已组织消防、公安、卫生、桥梁专家、建委、公用局、交警等成立调查小组，对事故原因展开进一步调查。3、长春市长崔杰、副市长王学战及消防、120急救人员等先后赶到现场指挥救援。,汽车超载行驶--通过大桥--桥面塌陷--货车坠落--两人受伤,2人受伤,未知
10.24山东德州义渡口东街桥桥面坍塌事故,梁式桥,混合桥,桥墩,秋,晚上,华东区域,山东德州,乡镇,水利事故,冲刷,坍塌,2019年10月24日,山东省德州市陵城区义渡口镇,1、陵城区相关部门连夜制定方案，及时对桥梁进行维修。2、现场有工作人员连夜焊制围挡，阻止无关人员靠近，防止发生次生灾害。,上游放水--冲刷损坏桥基--桥梁坍塌,2人受伤,未知
10.17广东旱坑大桥坍塌事故,拱式桥,钢筋混凝土桥,桥面,秋,晚上,华南区域,广东惠州,地级市,疲劳事故,疲劳,坍塌,2013年10月7日,广东惠州市白盆珠段,1、事故发生后，省、市、县公路管理部门立即赶往现场指挥勘察。2、交警部门封闭交通。3、组织人员参与救援，打捞落水车辆。,省道常年超载--桥梁老化严重--桥梁坍塌,2人受伤,未知
6.23上海金山横溪东街桥船撞事故,梁式桥,钢筋混凝土桥,桥墩,夏,中午,华东区域,山海金山,直辖市,碰撞事故,船只碰撞,轻微损伤,2020年6月23日,上海市金山区吕巷辖区横溪东街,1、民警立即赶赴现场，联系急救和消防部门，并在第一时间维持秩序，疏散围观群众。120人员到场后，民警协助急救人员将伤员抬上急救车送医院救治。2、后续工作移交海事部门。当日下午，城建办对桥梁安全情况进行检测。,水位上涨--船只碰桥,2人受伤,未知
9.12浙江杭州艮山桥坍塌事故,梁式桥,钢筋混凝土桥,桥面,秋,下午,华东区域,浙江杭州,省会城市,疲劳事故,疲劳,严重损伤,2006年9月12日,浙江省杭州市,1、使用围栏将塌陷处的人行道围了起来。2、桥梁分公司的相关负责人都到现场进行了勘查。,行人行驶--桥面塌陷,2人受伤,未知
8.19四川成都定江大桥坍塌事故,梁式桥,钢筋混凝土桥,桥墩,夏,下午,西南区域,四川成都,乡镇,水利事故,洪水,坍塌,2010年8月19日,四川省成都市崇州区怀远镇,1、崇州市委书记范毅、市长郭建平率水务、交通等相关部门负责人在第一时间赶赴现场，并成立了现场抢救救援指挥部。2、指挥部下设搜救、抢险、医疗等五个小组，组织人员全力搜救失踪人员。3、大桥周围拉起警戒线，禁止人员通行，立即开展现场搜救工作。,连夜暴雨--洪水冲刷--桥基悬空--桥面垮塌,2人失踪,未知
2.14四川眉山洪雅铁索桥垮塌事故,悬索桥,索桥,桥索,冬,中午,西南区域,四川眉山,乡镇,意外事故,意外,坍塌,2010年2月14日,四川省眉山市洪雅县柳江镇红星村,1、事故发生后，当地的120急救人员30分钟内赶到事故现场，及时将伤员送往洪雅县人民医院和中医院救治。2、卫生主管部门迅速成立治疗组，全力展开救治。3、四川省卫生厅、眉山市卫生局从成都、眉山市抽调派出了15名专家奔赴洪雅，成立了由省、市、县三级医疗专家组成的救治小组，对受伤人员展开全面会诊，并制定了详细的治疗方案，使受伤人员得到及时救治。,行人摇晃振荡--产生共振--强度超过钢索挠度--一主绳断裂--发生侧翻--多人落水受伤,28人受伤,未知
7.17北京过街天桥坍塌事件,梁式桥,钢筋混凝土桥,桥墩,夏,下午,东北区域,北京,直辖市,碰撞事故,汽车碰撞,坍塌,2007年7月17日,北京市西五环外杏石口以南,1、北京市公安交通管理局迅速启动应急预案，增派几十名警力分流疏导车辆。2、在早高峰到来之前迅速通过户外交通信息显示屏、交通台、电视台等第一时间发布交通诱导信息。,大货车撞坏过街天桥桥墩--天桥塌陷,1死1伤,未知
11.11广东肇庆佛仔桥垮塌事故,梁式桥,钢筋混凝土桥,桥面,秋,晚上,华南区域,广东肇庆,乡镇,过载事故,超载,坍塌,2008年11月11日,广东肇庆市怀集县坳仔镇,1、事故发生后，怀集县委书记冯敏强、县长江森源等马上组织力量做好救援工作。2、肇庆市公路局接报后，局长钟士杰带领有关技术人员连夜赶到现场研究抢通和事故处理方案。3、经工程技术人员现场初步评估剩下的半幅桥在放置相关的安全设施后，在确保安全行车的情况下，由交警、公路部门24小时值班指挥车辆。4、肇庆市公路勘察设计所马上进行修复方案设计，11月18日前交出完善的修复设计图纸，确保明年1月12日前修复完成。5、怀集县公路局迅速启动应急措施，立即组织人员对辖区内的其他桥梁、涵洞构造物进行检查，及时排除安全隐患。,严重超载的运煤大货车--过桥压塌桥面--运煤货车跌入桥底--立即组织救援,1人重伤，3人轻伤,未知
4.5福建连江新大桥坍塌事故,梁式桥,钢筋混凝土桥,桥面,春,下午,华东区域,福建福州,乡镇,疲劳事故,疲劳,坍塌,2013年4月5日,福建省福州市连江县江南乡己古村,1、福州市公路局在现场两端设置交通警示，与交警部门在现场进行交通疏导与分流工作。2、技术人员赶赴现场制订抢修方案。3、抢险人员组织机械设备等进行全力抢修。,大桥年久失修--桥面塌陷--大货车冲下桥,1人重伤,未知
1.5福建枋埔桥坍塌事故,梁式桥,钢筋混凝土桥,桥面,冬,上午,华东区域,福建漳州,乡镇,过载事故,超载,坍塌,2013年1月5日,福建省漳州市县小溪镇,1、平和消防大队出动1辆消防车7名官兵营救。,货车超重行驶--路面塌陷--货车翻入5米深沟--消防救出被困司机,1人重伤,未知
6.19广东河源粤赣高速匝道桥断裂坍塌事故,梁式桥,钢筋混凝土桥,桥面,夏,凌晨,华南区域,广东河源,地级市,过载事故,超载,坍塌,2015年6月19日,广东省河源市粤赣高速城南出口,1、广东省交通运输厅通报称，为保障对事故原因调查的客观性，除本系统技术专家外，还邀请了中交公路规划设计院的技术专家参与技术专家调查组，对事故原因进行调查分析。2、委托第三方机构对原桥梁设计方案进行复核验算，并根据事故实际荷载，对垮塌桥梁承载能力进行结构验算分析和评估。3、项目公司已委托设计单位进行桥梁修复设计，预计桥梁修复工期需要6个月左右。,4辆大货车超载--压塌高速出口匝道桥,1人死亡，4人受伤,未知
4.28湖南娄底溢洪大桥垮塌事故,梁式桥,钢筋混凝土桥,桥面 ,春,晚上,华中区域,湖南娄底 ,乡镇,疲劳事故,疲劳,坍塌,2006年4月28日,湖南省娄底市涟源市白马镇泉塘村,1、在事件发生后，涟源市政府各级部门迅速开展紧急抢救措施。2、涟源市常务副市长陈奉文带领相关部门负责人赶往现场。3、将2名伤者从事故现场转送湖南省涟邵总医院。4、涟源市连夜召开事故紧急会议，开展事故原因调查，恢复桥梁通行等工作。,桥梁长期负载疲劳--桥梁坍塌--3人坠河,1人死亡，2人重伤,未知
9.12江西吉安恩江古桥坍塌事故,拱式桥,圬工桥,桥面,秋,晚上,华东区域,江西吉安,乡镇,疲劳事故,疲劳,坍塌,2019年9月12日,江西省吉安市永丰县恩江镇,1、事故发生后，伤者已被送往医院进行救治。2、永丰县主要领导、分管领导第一时间组织应急管理、消防、公安、医院等部门现场进行救援和应急处置。,古桥年久失修--桥面坍塌,1人死亡，2人受伤,未知
8.1辽宁营口熊岳大桥坍塌事故,梁式桥,钢筋混凝土桥,桥墩,夏,晚上,东北区域,辽宁营口,地级市,水利事故,洪水,坍塌,2006年8月1日,辽宁省营口市202国道,1、事故发生后，营口市迅速组织力量进行抢险救援，并组织了2条船只进行水上搜救，组织了30多名群众分组沿河搜寻失踪车辆和人员。,强降水--形成洪水--冲塌桥墩--桥板塌落--大桥断裂,1人死亡，2人失踪,未知
7.14福建武夷山公馆大桥坍塌事故,悬索桥,钢筋混凝土桥,吊杆,夏,上午,华东区域,福建武夷山,地级市,过载事故,超载,坍塌,2011年7月14日,福建省武夷山市,1、南平市及武夷山市党委、政府主要领导第一时间赶赴现场。2、全力组织人员抢救，现场交通疏导和事故善后应急处置。3、加强武夷山辖区内桥梁超限超载车辆通行的管理。4、对类似桥型的桥梁进行全面系统检测，对有缺陷的构件进行维护更换，消除安全隐患。,车辆超载--桥梁个别或部分吊杆断裂--桥面荷载失去承载--桥面垮塌,1人死亡，22人受伤,未知
4.2河南新乡牧野大桥坍塌,梁式桥,钢筋混凝土桥,桥面,春,早晨,华中区域,河南新乡,地级市,疲劳事故,疲劳,坍塌,2002年4月2日,河南省新乡市平原大学北侧,1、接到报警后，警方迅速出动，赶往出事地点。2、组成人员进行搜救工作。3、对坍塌大桥进行拆除。,大桥年久失修--坍塌--两人落水,1人死亡，1人受伤,未知
4.29山东淄博镇南大桥坍塌事故,梁式桥,钢筋混凝土桥,桥面,春,傍晚,华东区域,山东淄博,乡镇,过载事故,超载,坍塌,2013年4月29日,山东省淄博市沂源县鲁村,1、事故发生后，沂源县成立事故处置领导小组，全力开展事故原因调查和善后处理工作。,货车超载严重--行驶大桥--压塌桥面,1人死亡，1人受伤,未知
5.23浙江宁波奉化方桥船撞事故,梁式桥,钢桥,桥面,春,上午,华东区域,浙江宁波 ,乡镇,碰撞事故,船只碰撞,坍塌,2007年5月23日,浙江省宁波市奉化方桥镇,未知,货船行驶--操作失误--撞塌桥梁,1人死亡，1人受伤,未知
11.28湖南怀化双江村铁索桥断塌事故,悬索桥,索桥,桥索,秋,下午,华中区域,湖南怀化,乡镇,设计事故,设计,坍塌,2003年11月28日,湖南省怀化市溆浦县两江乡双江村,1、事故发生后，当地干部群众自告奋勇入水救人，溆浦县委、县政府在第一时间内启动突发事故紧急抢救预案。2、溆浦县委、县政府成立调查组对事故原因展开调查。3、县政府发出《关于认真做好民桥义渡交通安全工作的紧急通知》，要求各级各部门要引以为戒，高度重视民桥、义渡安全工作，强化责任意识、安全意识，使民桥义渡交通安全管理工作落到实处，防患于未然。,多人聚集在桥上--铁索桥断裂--多人落水,1人死亡，19人受伤。,未知
11.25广东万江大桥船撞事故,拱式桥,钢筋混凝土桥,桥墩,秋,清晨,华南区域,广东东莞,地级市,碰撞事故,船只碰撞,轻微损伤,2018年11月24日,广东省东莞市,1、东莞市政府值班室电话报警后，立即通知石龙海事处前往现场处理。8点，石龙海事处出动海巡09338，09368赶赴现场，于8点40分时先后到达事故现场。2、东莞海事局指挥中心主任、石龙海事处领导到达现场，对现场实施交通管制、应急处置和调查工作。3、确认死者身份后送往东莞市殡仪馆。4、11点左右乘潮将该船拖到曲海桥上游500米附近水域锚泊/5、26日13时将该船拖到太平保管场保管。,船舶行驶到大桥--航行轨迹偏航--碰撞桥墩--驾驶室倒塌，驾驶人死亡,1人死亡,未知
12.17湖南长沙过街天桥车撞事故,梁式桥,钢筋混凝土桥,桥面,冬,晚上,华中区域,湖南长沙 ,省会城市,碰撞事故,汽车碰撞,坍塌,2014年12月17日,湖南省长沙市,1、交警正在现场勘查和疏导交通，多部门已开展现场处置。,货车行驶--撞断过街天桥--天桥坍塌,1人死亡,未知
10.23浙江嘉兴倪王庙小庙桥断裂事故,梁式桥,钢筋混凝土桥,桥面,秋,下午,华东区域,浙江嘉兴,乡镇,疲劳事故,疲劳,坍塌,2012年10月23日,浙江省嘉兴市海盐县通元镇,1、消防人员紧急赶到现场营救。2、水警到场后，配合消防官兵利用绳索牵引，把车拉离水面，打破挡风玻璃后把人从车中拉出。,桥梁年久失修--拖拉机通过--桥梁坍,1人死亡,未知
10.27海南陵水椰林大桥坍塌事故,梁式桥,钢筋混凝土桥,桥墩,秋,上午,华南区域,海南陵水,乡镇,水利事故,冲刷,坍塌,2014年10月27日,海南省陵水黎族自治县椰林镇,1、接到命令后，消防中队立即由副指导员陈奕旭带领1辆抢险救援车、2辆水罐消防车及13名指战员赶赴现场进行处置。2、大队全勤指挥部副大队长钟业辉和参谋张伟也随即赶赴现场。,持续下雨，引起土质松软--大桥桥基坍塌--一名群众被埋压,1人受伤,未知
5.29江苏泰兴湖东大桥船撞事故,拱式桥,钢筋混凝土桥,桥墩,春,下午,华东区域,江苏泰兴,乡镇,碰撞事故,船只碰撞,坍塌,2006年5月29日,江苏省泰州市兴化市林湖乡,1、村里临时安排两条机动船来回摆渡接送学生上学。2、相关部门准备对桥梁进行修复工作。,船只行驶--争抢过桥--碰撞桥墩--桥梁坍塌,1人受伤,未知
8.17福建东园镇区桥坍塌事故,梁式桥,钢筋混凝土桥,桥面,夏,上午,华东区域,福建泉州,乡镇,过载事故,超载,坍塌,2010年8月17日,福建省泉州市惠安县东园镇区,1、轮滑吊起载在沟里的农用车。,农用车超载--压垮桥面--司机受伤,1人受伤,未知
5.26重庆彭水红泥石拱桥坍塌事故,拱式桥,圬工桥,桥面,春,晚上,西南区域,重庆彭水,县级市,疲劳事故,疲劳,坍塌,2010年5月26日,重庆市彭水县境内国道319线,未知,桥梁负载严重--年久失修--坍塌--一车落桥,1人受伤,未知
5.6山东烟台山东河中桥坍塌事故,拱式桥,圬工桥,桥墩,春,上午,华东区域,山东烟台,乡镇,疲劳事故,疲劳,坍塌,2012年5月6日,山东省烟台市栖霞亭口镇西野芝口村,1、事故发生后，119立即前往救援，消防人员救起一落水妇女，120立即送往烟台栖霞市医院急救。2、在桥的两头建起了两座有一米多高的砖墙将路口堵死。,桥梁年久失修，桥面有损--桥梁坍塌--一人落水,1人受伤,未知
12.26黑龙江齐齐哈尔塔哈河大桥坍塌事故,梁式桥,钢筋混凝土桥,桥面,冬,上午,东北区域,黑龙江齐齐哈尔,乡镇,疲劳事故,疲劳,坍塌,2015年12月27日,黑龙江省齐齐哈尔市富裕县塔哈乡,1、消防员第一时间来到现场扑灭火情。2、交警封锁桥面，立即组织人员进行搜救。3、富裕县已聘请专家进行桥梁承载能力测评，核定事发时货车的载重。,桥梁年久失修--货车经过--大桥坍塌--货车坠落起火,1人受伤,未知
1.12江苏泰州界河桥坍塌事故,梁式桥,钢筋混凝土桥,桥面,冬,晚上,华东区域,江苏泰兴,乡镇,疲劳事故,疲劳,坍塌,2013年1月12日,江苏省泰州市野徐镇解家村,"1、事故发生后，施工单位当晚应警方要求，迅速用土方将断桥两边进行阻挡，并设置警示标志。
",桥梁长期不堪重负--桥基掏空--摩托车坠河,1人受伤,未知
8.13浙江瑞安石龙溪大桥坍塌事故,梁式桥,钢筋混凝土桥,桥墩,夏,傍晚,华东区域,浙江瑞安,乡镇,水利事故,洪水,坍塌,2015年8月13日,浙江省瑞安市高楼镇,未知,天降大雨--大水冲击--桥基松动--桥面坍塌,1人受伤,未知
6.30四川德阳宝凤桥坍塌事故,梁式桥,钢筋混凝土桥,桥面,夏,凌晨,西南区域,四川德阳,地级市,水利事故,洪水,坍塌,2013年6月29日,四川省德阳市八角井街道齐家堰河,1、德阳市经开区、八角井街道办事处、公安等部门前往现场进行应急处置、排洪抢险，确保不再发生次生灾害。2、当地政府、公安、消防、水利等部门迅速投入到抢险工作中，寻找落水者，同时在桥的两岸拉起了警戒线,天降暴雨--引发洪水--冲毁桥梁,1人失踪，1人受伤,未知
10.13江西九江西海景区人行过桥坍塌事故,悬索桥,木桥,桥面,秋,上午,华东区域,江西九江,县级市,意外事故,人为拥挤,坍塌,2013年10月13日,江西省九江市庐山西海景区司马旅游码头,1、现场工作人员立即组织施救，维护秩序，疏导游客。2、相关工作人员及公安干警紧急行动。3、受伤游客均被及时送往景区医务所进行检查治疗。4、景区工作人员登记游客浸水财务损失，并为落水游客购置更换衣服。,游客爆满--发生拥挤--桥梁超员--坍塌--多人落水,18人落水受伤,未知
7.8四川凉山达利子依达沟大桥坍塌事故,梁式桥,钢筋混凝土桥,桥墩,夏,凌晨,西南区域,四川凉山,县级市,水利事故,泥石流,坍塌,1981年7月9日,四川省凉山彝族自治州甘洛县大渡河支流利子依达沟,1、铁道部成都铁路局党委书记黄书存和局长杨国辉为首成立抢险指挥部。2、指挥部对抢救，始修，死伤者的善后，险患的调查与根治，都做出了具体部署。3、甘洛县城在县委领导下，一小时内，公安干警、民政干部、民兵、医生、护土、商店售货员、旅店招待所服务员，一千多人，带着大批药品、食品、营养品、衣服鞋袜，外加23辆涂着红十字的面包车，冒雨急奔利子依达桥头。4、当地驻军紧急集合，前往救援。,天降暴雨--引发泥石流--冲毁大桥--火车损毁,147人受伤，275人死亡。,未知
2.1连霍高速河南三门峡段义昌大桥坍塌事故,梁式桥,钢筋混凝土桥,桥面,冬,上午,华中区域,河南三门峡,地级市,其他事故,爆炸,坍塌,2013年2月1日,河南省三峡门市连霍高速洛三段南半幅,1、事故发生后，中共中央政治局委员、国务委员、中央政法委书记孟建柱和公安部部长郭声琨立刻作出重要指示，要求公安部派出专门工作组赶赴事故现场，全力组织搜救，查明事故原因，查清违法违规问题，依法处理相关责任人员，进一步加强烟花爆竹安全监管，确保人民群众节日安全。2、服务区启动应急预案，封锁附近道路，对来往车辆行人进行劝行。3、向救援人员免费提供开水、牛肉汤等。,厢式货车装运烟花爆竹--经过桥梁--发生爆炸--桥面坍塌--多辆车从桥上坠落,10人死亡，11人受伤。,未知
5.12四川汶川高树大桥坍塌事故,梁式桥,钢筋混凝土桥,桥墩,春,下午,西南区域,四川汶川,乡镇,地震事故,地震,坍塌,2008年5月12日,四川省阿坝州汶川县映秀镇,1、地震后进行修复工作。,“5.12”特大地震--东侧边跨落梁--连锁性倒塌--桥梁倒塌损毁,未知,未知
5.12四川汶川百花大桥坍塌事故,梁式桥,钢筋混凝土桥,桥墩,春,下午,西南区域,四川汶川,乡镇,地震事故,地震,坍塌,2008年5月12日,四川省阿坝州汶川县漩口镇,1、地震后进行重建。,“5.12”特大地震--桥梁倒塌,未知,未知
5.12四川汶川彻底关大桥坍塌事故,刚架桥,钢筋混凝土桥,桥墩,春,下午,西南区域,四川汶川,县级市,地震事故,地震,坍塌,2008年5月12日,四川省阿坝州汶川县,1、地震后进行重建。,“5.12”特大地震--桥梁倒塌,未知,未知
5.12四川汶川寿江大桥事故,梁式桥,钢筋混凝土桥,桥面,春,下午,西南区域,四川汶川,县级市,地震事故,地震,中度损伤,2008年5月12日,四川省阿坝州汶川县,1、地震后进行修复工作。,“5.12”特大地震--桥梁倒塌,未知,未知
5.12四川都江堰高原大桥坍塌事故,梁式桥,钢筋混凝土桥,桥墩,春,下午,西南区域,四川成都,乡镇,地震事故,地震,坍塌,2008年5月12日,四川省成都市都江堰区虹口乡,未知,“5.12”特大地震--桥梁倒塌,未知,未知
5.12四川广元井田坝大桥坍塌事故,梁式桥,钢筋混凝土桥,桥墩,春,下午,西南区域,四川广元,县级市,地震事故,地震,坍塌,2008年5月12日,四川省广元市青川县,未知,“5.12”特大地震--桥梁倒塌,未知,未知
5.12四川成都小鱼洞大桥坍塌事故,梁式桥,钢筋混凝土桥,桥面,春,下午,西南区域,四川成都,乡镇,地震事故,地震,坍塌,2008年5月12日,四川省成都市彭州区小鱼洞镇,未知,“5.12”特大地震--桥梁倒塌,未知,未知
7.19北京白河大桥坍塌事故,组合体系桥,钢筋混凝土桥,桥面,夏,凌晨,华北区域,北京,直辖市,过载事故,超载,坍塌,2011年7月19日,北京市怀柔区,1、北京怀柔公路分局人员立即赶赴现场，第一时间启动应急预案，设置提示标志，制定绕行路线。2、应急抢险队伍立刻到达现场，并完成围挡设置，并安排专门人员进行交通导行，同时上报区应急办和北京市交通委路政局。,160吨的严重超载沙石6轴货车通过大桥--桥梁坍塌,未知,未知
3.29黑龙江哈尔滨新兴大桥坍塌事故,梁式桥,钢筋混凝土桥,桥墩,春,清晨,东北区域,黑龙江哈尔滨,省会城市,碰撞事故,冰凌撞击,坍塌,2021年3月29日,黑龙江省哈尔滨市方正县,1、方正县应急、交通、交警等部门第一时间赶到现场，对该路段实施管制，并公告绕行路线。2、责成方正县交通运输局委托具备资质的第三方专业机构对桥梁技术状况进行现场应急检查评定。3、方正相关部门将尽快对该桥其余桥墩的技术状况及承载能力进行全面评估与特殊检查，并基于检测结果，综合衡量后确定该桥进一步的处置方案。,3月28日晚蚂蚁河突发特大凌汛-新兴大桥一号桥板发生移位下沉--交警部门及时处理--新兴大桥受蚂蚁河河面冰凌撞击--新兴大桥2、3号桥墩坍塌--第2跨、第3跨、第4跨主梁坍塌,未知,未知
4.27江苏南京冶浦桥桥面塌陷事故 ,梁式桥,钢筋混凝土桥,桥面,春,凌晨,华东区域,江苏南京,省会城市,过载事故,超载,严重损伤,2005年4月27日,江苏省南京市六合区,1、六合区交警大队封锁整个桥面，不允许任何机动车辆通过。2、施工队将桥的两边通道用矮墙围起来，防止机动车经过已成危桥的冶浦桥。3、施工队将尽快维修好损坏的桥面，恢复交通。,半夜多辆渣土车通过--轧塌桥面--桥面塌陷出大窟窿--封锁桥面,未知,未知
4.23广东廉江塘背桥坍塌事故,梁式桥,钢筋混凝土桥,桥墩,春,傍晚,华南区域,广东廉江,乡镇,水利事故,冲刷,坍塌,2003年4月23日,广东省廉江市石城镇,1、市有关领导亲自到塘背桥现场办公，要求把路桥修建作为一项民心工程来抓。2、要求有关部门限期内修好塘背桥。,暴雨导致河水暴涨--桥墩被河水冲走--桥梁坍塌,未知,未知
8.23广东化州梧村大桥坍塌事故,梁式桥,钢筋混凝土桥,桥面,夏,晚上,华南区域,广东化州,乡镇,水利事故,洪水,坍塌,2002年8月23日,广东省化州市合江镇梧村,1、镇村干部在桥两端拉起了警戒线，并拉来砖块及水泥，将两端桥头附近的桥面砌墙拦住，以防人车通过。2、派人守护在两端桥头处，防止有人冒险越过砖墙进入桥面。,暴雨导致罗江水位上涨--桥面出现裂纹--桥墩下陷，桥栏断裂--封锁桥梁,未知,未知
7.17湖北武汉市木里大桥船撞事件,梁式桥,钢筋混凝土桥,桥面,夏,凌晨,华中区域,湖北武汉,省会城市,碰撞事故,船只碰撞 ,坍塌,2010年7月17日,湖北省武汉市黄陂区,1、交通部门勘测后认为木里大桥已无修复价值，为方便河两岸居民出行，交通部门将尽快拿出木里大桥重建方案并施工重建。,暴雨降临--河水位猛涨--挖沙船被冲下--撞毁桥梁,未知,未知
8.17四川都江堰白沙河桥坍塌事故,梁式桥,钢筋混凝土桥,桥墩,夏,下午,西南区域,四川成都,乡镇,水利事故,洪水,坍塌,2012年8月17日,四川省成都市都江堰区紫坪铺镇,1、由大桥前往虹口的道路实行交通管制，抢修道路。2、在临河一侧的半边公路塌陷的现场拉起警戒线，施工人员正在紧急抢修。,暴雨袭击--多处发生山体滑坡和泥石流--桥梁被洪水冲毁,未知,未知
8.6湖北襄阳牌坊湾桥坍塌事故 ,梁式桥,钢筋混凝土桥,桥面,夏,凌晨,华中区域,湖北襄阳,县级市,水利事故,洪水 ,坍塌,2012年8月6日,湖北省襄阳市保康县,1、交警在省道上开展分流疏散工作。2、消防人员在转移受灾群众。,暴雨袭击--河水暴涨--冲断大桥--交通中断,未知,未知
8.16河南洛阳南车线鬼沟桥事故,梁式桥,钢筋混凝土桥,桥墩,夏,上午,华中区域,河南洛阳,乡镇,水利事故,洪水,严重损伤,2009年8月16日,河南省洛阳市宜阳县赵保乡,1、抢修便道供过往车辆通行。2、拆掉重建鬼沟桥，待新桥设计方案出台，立即进入施工。,暴雨袭击--突发洪水--鬼沟桥桥基冲刷--基础下沉--桥台墙体断裂,未知,未知
7.21四川凉山瓦岩乡大桥坍塌事故,梁式桥,钢筋混凝土桥,桥面,夏,晚上,西南区域,四川凉山,乡镇,水利事故,洪水,坍塌,2019年7月21日,四川省凉山州越西县瓦岩乡,1、上报上级部门，通告广大驾驶员绕行。,暴雨引发泥石流--冲垮桥梁--交通中断,未知,未知
7.5湖北襄阳黄土岭大桥坍塌事故,梁式桥,钢筋混凝土桥,桥墩,夏,上午,华中区域,湖北襄阳,乡镇,水利事故,洪水,坍塌,2012年7月5日,湖北省襄阳市保康县城关镇,1、险情发生后，保康县迅速启动应急预案，公安、城管、交通等部门第一时间赶往现场，实行交通管制，修筑应急便道，确保附近人员生命财产安全。,暴雨引发泥石流--桥墩下陷--桥面破损--交通阻塞 ,未知,未知
7.11四川成都川西大桥坍塌事故,梁式桥,钢筋混凝土桥,桥面,夏,上午,西南区域,四川成都,乡镇,水利事故,冲刷,坍塌,2013年7月11日,四川省成都市彭州区S106省道军乐镇,1、当地及时进行交通管制，避免了事故发生。,暴雨影响--河水暴涨--猛烈冲刷--桥梁坍塌,未知,未知
3.7湖北十堰东风公司专用铁路桥车撞坍塌事故,梁式桥,钢筋混凝土桥,承重梁,春,晚上,华中区域,湖北十堰,地级市,碰撞事故,汽车碰撞 ,坍塌,2013年3月7日,湖北省十堰市,"1、十堰市委书记周霁、副市长沈学强等先后率领交通、公安、东风公司十堰管理部等单位前往处理。2、交警拉起警戒线，封锁西路双向道路。3、事故现场建立隔离带，确保周边群众安全。4、迅速打通行人通行便道，保障市民出行。5、对超高、超重、超限车辆进行严管。6、加快施工进度，确保中午打通道路，实现车辆通行。7、举一反三，对市内各桥涵组织一次隐患排查。8、保障物流畅通，确保东风公司和相关企业正常生产经营。9、立即着手，对事故进行调查处理。
",超高大货车行驶--撞塌铁路桥,未知,未知
4.12山东滨州齐家桥坍塌事故,梁式桥,钢筋混凝土桥,桥面,春,上午,华东区域,山东滨州,县级市,过载事故,超载,坍塌,2012年4月12日,山东省滨州市博兴县,1、有关部门已经在桥头修起了围墙，禁止村民通行。2、有关部门早日修缮桥面。,超载大货车路过--压塌桥面,未知,未知
4.16广东深汕高速公路半幅路桥坍塌事故,梁式桥,钢筋混凝土桥,桥面,春,清晨,华南区域,广东深圳,地级市,过载事故,超载,坍塌,2006年4月16日,广东深圳市深汕高速公路龙岗路段半幅路,1、塌桥事件发生后，交通和交警部门迅速采取交通分流措施。2、筑路设备立即进行施工，修建便道，保障正常通行。3、对坍塌的公路桥进行勘探，有关部门将根据勘探的数据，制定修复桥梁的方案。,超载货车过桥--桥面塌方，断裂--有关单位采取措施,未知,未知
11.17河南平顶山膨河桥垮塌事故,梁式桥,钢筋混凝土桥,桥面,秋,凌晨,华中区域,河南平顶山,县级市,过载事故,超载,坍塌,2007年11月17日,河南平顶山市鲁山县,1、平顶山市公路局立即启动了桥梁突发事件应急预案，组织有关人员赶到现场维护秩序，并及时通知了交警部门处理现场。2、封锁桥梁，进行交通管制。3、加紧维修，尽快恢复交通。,超载货车逃避超载检测--绕行澎河桥--压断桥面--司机逃逸,未知,未知
6.26浙江瑞安飞云江大桥船撞事故,梁式桥,钢筋混凝土桥,桥墩,夏,早晨,华东区域,浙江瑞安,县级市,碰撞事故,船只碰撞,中度损伤,2002年6月26日,浙江省瑞安市104国道,1、民警发现险情后，立即向上级报告，全队在中队领导带领下，对大桥进行交通管制，以确保行车安全。2、温州飞云江海事处接到110指令后，立即组织工作人员乘快艇赶到现场，并组织浙油0011大马力油轮前来增援，并强行将渔船拖离大桥。,潮水上涨--渔轮失控--撞击桥梁,未知,未知
5.18浙江杭州庆春路人行天桥车撞事故,梁式桥,钢筋混凝土桥,桥底,春,晚上,华东区域,浙江杭州,省会城市,碰撞事故,汽车碰撞,坍塌,2019年5月18日,浙江省杭州市,未知,车辆超高--撞击人行天桥下方--桥体坍塌,未知,未知
10.15重庆渝北G50渝北段车行天桥车撞事故,梁式桥,钢筋混凝土桥,桥面,秋,上午,西南区域,重庆渝北,直辖市,碰撞事故,汽车碰撞,坍塌,2020年10月15日,重庆市渝北区G50出城渝北段,1、重庆交通执法总队联合高速救援部门在事故现场进行处置，并对部分路段实施管制。,车辆超高--撞击天桥--桥梁坍塌,未知,未知
5.13江苏常州运河大桥坍塌事故,拱式桥,钢筋混凝土桥,桥面 ,春,清晨,华东区域,江苏常州,地级市,过载事故,超载,坍塌,2007年5月13日,江苏省常州市 ,1、实施交通管制和人员疏散，并在现场召开紧急会议。2、常州当地已成立专门的事故调查处理小组。3、江苏省相关部门也对此高度重视，交通、公路等部门主要领导均赶赴现场，对事故原因进行调查。,车辆超载超速--通过大桥--桥梁振动加剧--桥肋发生明显晃动--桥梁由北向南坍塌,未知,未知
8.11黑龙江绥化渠首桥坍塌事故,梁式桥,圬工桥,桥面,夏,凌晨,东北区域,黑龙江绥化,乡镇,过载事故,超载,坍塌,2021年8月11日,黑龙江省绥化市肇东市涝洲镇,1、事故发生后，肇东市立即组织有关部门搭建临时浮桥，确保车辆顺畅通行。2、在坍塌桥两侧设置警示标志，安排警力在现场值守，维护交通秩序。3、对辖区内桥涵进行全面排查，防止因超载、超限引发安全事故。,车辆超载--过桥--压塌桥梁,未知,未知
11.9福建桂林村桥坍塌事故,梁式桥,钢筋混凝土桥,桥面,秋,早晨,华东区域,福建晋江,乡镇,过载事故,超载,坍塌,2018年11月9日,福建省晋江市鞋都路桂林村,1、镇市政管理局、工作点、村委会立即组织人员到现场察看情况。2、使用吊机调离该货车。3、交警部门疏解交通，及时封锁桥面，做好车辆人员引流。4、会同保险公司、货运公司等相关单位做好善后工作，抓紧启动汇达桥重建。,车辆超载--桥面被压成U字型--封锁桥面--调离货车,未知,未知
2.28江西吉安明堂洲桥坍塌事故,梁式桥,钢筋混凝土桥,桥面,春,上午,华东区域,江西吉安,县级市,疲劳事故,疲劳,坍塌,2003年2月28日,江西省吉安市泰和县319国道,1、当地政府和吉安市公路部门有关负责人迅捷赶赴现场，采取应急措施搭建便桥及设置绕道警示标志。2、当地公路部门组织了大量人力和机构设备，投入近16万元在新旧明堂洲桥间搭建便桥。3、对过往司机建议绕道105国道的同时，就近车辆行驶则绕道灌汲乡古坪村至樟塘乡竹山村近15公里的四级砂子路。4、聘请了11名民工与养路工人一起对该线路进行了日夜保畅通。,车辆流剧增--超限车辆不断增加--桥梁不堪重负--发生断裂,未知,未知
6.10辽宁盘锦田庄台天桥坍塌事故,梁式桥,预应力混凝土桥,桥面,夏,早晨,东北区域,辽宁盘锦,地级市,过载事故,超载,坍塌,2004年6月10日,辽宁省盘锦市,1、事故发生后，盘锦市立刻组织力量进行搜救。2、盘锦市委、市政府决定请海军前来支援搜救打捞工作。经过协商后，当夜，大连海军基地的21名专业搜救官兵携带救援设备迅速开赴事故现场。,车辆严重超载--通过桥梁--桥梁悬臂断裂--桥板坍塌--农用车落水,未知,未知
6.22湖北襄阳清溪河大桥桥面隆起事故,梁式桥,钢筋混凝土桥,桥面,夏,下午,华中区域,湖北襄阳,县级市,疲劳事故,疲劳,严重损伤,2009年6月22日,湖北省襄阳市保康县,1、保康县公安局110指挥中心接到群众报警，称该县清溪河大桥桥面大面积断裂拱起。随后，公安、城建部门相继赶赴现场。2、保康县县长叶丛带人赶到现场，实地查看桥面损毁情况。与此同时，该县交通、水务等部门赶往现场。3、由县交通局牵头、县建设局协助，对断裂桥梁进行鉴定。根据鉴定结果拿出维修方案。4、启动应急预案紧急启动，相关职能部门迅速行动。公安部门在桥两侧拉起警戒线，实行交通管制，严禁车辆通行。5、公安、城建、安监等部门指派专人值班，禁止车辆通行。6、保康县委、县政府召集建设、交通等部门召开紧急会议，研究解决事宜，指定专业技术人员对桥梁进行维修，要求各部门实地了解桥梁排水管道、人行道、护栏等受损情况，拿出方案迅速行动。7、公布清溪河大桥桥面隆起原因和维修方案。该县将更换断裂桥面、增加排水管道，同时对桥面裸露点进行除锈并喷涂水泥砼护面，确保桥梁早日通车。,车流、重载车辆不断增加--部分桥面出现风蚀、锈蚀和裂缝--大桥桥面隆起--部分桥体倾斜,未知,未知
7.22广西南宁国道小路桥坍塌事故,梁式桥,钢筋混凝土桥,桥面,夏,下午,华南区域,广西南宁,乡镇,疲劳事故,疲劳,坍塌,2013年7月22日,广西省南宁市武鸣县马头镇,1、交警部门已对该桥进行交通管制，禁止车辆通行。2、公路部门调查事故原因。,车流量大，大桥负载过重--大货车正从桥面上驶过--桥面坍塌,未知,未知
4.12新疆库尔勒孔雀河大桥坍塌事故,拱式桥,钢筋混凝土桥,桥索,春,清晨,西北区域,新疆库尔勒,县级市,腐蚀事故,钢缆腐蚀,坍塌,2011年4月12日,新疆省巴音郭楞州库尔勒市,1、事故发生后，有关部门立即到场组织搜救，暂未发现人员伤亡、未见车辆坠河。有关情况正在进一步了解之中。,承重钢缆腐蚀--吊杆断裂--桥面塌陷,未知,未知
7.6福建福寿桥事故,梁式桥,钢筋混凝土桥,桥面,春,下午,华东区域,福建泉州,乡镇,其他事故,高温受热膨胀,严重损伤,2014年7月6日,福建省泉州市晋江陈埭镇南霞美村,1、南霞美村干部带领设计及工程单位到现场踏勘。2、采取管制措施，禁止通行。3、拆除旧桥重建新桥。,持续高温--桥面受热膨胀凸起--桥面发生断裂--交通管制,未知,未知
9.19连霍高速河南新安段上跨天桥垮塌事故,梁式桥,钢筋混凝土桥,桥墩,秋,凌晨,华中区域,河南洛阳,县级市,其他事故,山体滑坡,坍塌,2011年9月20日,河南省洛阳市新安县连霍高速公路段,1、事故发生后，路政、养护、交警等部立即前往现场抢修。2、交警通知此路段交通管制，将车辆分流到310国道。,持续降雨--山体滑坡--桥墩出现裂痕--桥梁坍塌,未知,未知
6.9广东肇庆西江大桥船撞事故,梁式桥,钢筋混凝土桥,除以上部分之外的桥面下其他部位,夏,下午,华南区域,广东肇庆,地级市,碰撞事故,船只碰撞,基本完好,2020年6月9日,广东肇庆市,1、接报后，肇庆封开海事处立即安排船艇赶赴现场核实。2、肇庆海事局发布航行通告，肇庆封开海事处通过VHF定时播发航行通告，提醒过往船舶加强了望，谨慎驾驶。3、事故发生后，肇庆封开海事处安排专人24小时信息化监管值守，并安排每日不定时现场巡航查看受损浮箱状况，航道部门派出船艇人员在封开西江大桥左岸下游200米处24小时现场值守，密切监控破损浮箱状态，防止浮箱脱落漂流引发次生事故。4、肇庆封开海事处组织事故相关方召开应急处置沟通协调会，督促相关方尽快消除安全隐患。5、广东省西江航道事务中心组织专家查看事故现场。6、广东省西江航道事务中心组织施工单位对已固定的受损浮箱进行拆解上岸，安全隐患解除。,船舶从贵港开往佛山小塘--船航经梧州白沙角水域时，船长交班给驾驶员钟某驾驶船舶--方向偏航--触碰防撞浮箱,未知,未知
7.27浙江湖州百年岂风桥船撞事故,拱式桥,圬工桥,桥墩,夏,凌晨,华东区域,浙江湖州,乡镇,碰撞事故,船只碰撞,坍塌,2003年7月27日,浙江省湖州市南浔镇神墩村,未知,船舶航行--撞击桥墩--大桥基础错位--桥面坍塌--砸沉拖船,未知,未知
9.9江苏无锡花明桥船撞事故,拱式桥,钢筋混凝土桥,桥面,秋,凌晨,华东区域,江苏无锡,乡镇,碰撞事故,船只碰撞,坍塌,2006年9月9日,江苏省无锡市惠山区洛社镇,1、公安、海事、交通等部门接群众报警后，立即赶到事发现场。2、海事部门、洛社镇政府一边立即组织事故调查，约请桥梁专家对危桥进行鉴定，一边当机立断，对事故桥梁、河段采取禁航、禁行措施，并安排部分船只经直湖港分流，人员、车辆绕道。3、在事故现场派出人员、巡逻艇昼夜值班，严防死守杜绝伤亡事故的发生。,船舶航行--撞击桥梁--桥梁坍塌--船舶肇事逃逸,未知,未知
4.15广东佛山西安亭大桥船撞事故,梁式桥,钢筋混凝土桥,桥底,春,中午,华南区域,广东佛山,地级市,碰撞事故,船只碰撞,基本完好,2015年4月15日,广东省佛山市顺德区,"1、封闭桥梁及相关道路，通知车主饶道行驶。

",船舶行驶--传送竿过高--撞击桥梁,未知,未知
4.15上海嘉定通浦塘大桥船撞事故,梁式桥,钢筋混凝土桥,桥面,春,下午,华东区域,上海嘉定,乡镇,碰撞事故,船只碰撞,坍塌,2009年4月15日,上海市嘉定区黄渡镇吴淞江钱家村,1、港监部门迅速派出巡逻艇赶到现场，对肇事船主展开询问和调查。2、打捞桥身重铺水管。3、立即开展对桥梁的重建工作。,船舶行驶--船速过快--缺乏瞭望--左转弯时失去控制--撞上大桥--桥梁坍塌,未知,未知
5.23广东中山荷塘大桥船撞事故,梁式桥,钢筋混凝土桥,桥底,春,傍晚,华南区域,广东中山,乡镇,碰撞事故,船只碰撞,轻微损伤,2013年5月23日,广东省中山市荷塘镇,1、荷塘镇政府、交管部门对大桥采取了交通管制措施。2、交通公路部门对桥梁损坏情况进行初步查勘，中山海事部门对船只进行了查扣和调查。3、昨日零时左右，根据市委副书记聂党权的现场指示，江门海事局协助中山海事局对大桥附近航道进行封航。,船舶行驶--船体较高--碰撞桥底--及时刹停,未知,未知
9.24广东白坭河大桥船撞事故,梁式桥,钢筋混凝土桥,桥墩,秋,晚上,华南区域,广东广州,省会城市,碰撞事故,船只碰撞,严重损伤,2018年9月24日,广东省广州市北环高速公路广清互通立交GF 匝道,1、广州海事局接到报告后，立即指派附近值守的“海巡09101”前往事发水域参与应急处置。2、“巡09101”抵达现场，海事员立即指导船舶采取脱险措施，同时维护附近水域的水上交通秩序，并去电自来水公司要求他们立即关闭过河水管供水阀门。3、交警部门对广州北环高速公路广清互通立交GF 匝道白坭河大桥和广州北环高速公路白坭河大桥（西行）进行交通管制，禁止车辆通行。4、海事部门协调附近的“粤志航138”船参与应急处置，协助“粤明达09”船脱险。5、海事部门统一指挥，“粤明达09”船在“珠江号”和两艘锚艇的协助下被拖离桥区水域，到安全水域锚泊。,船舶行驶到水域--通过桥梁--未使用安全航速--舵机失效，船舶失控--碰撞桥墩--相关部门处理,未知,未知
5.7广东顺德大沙大桥船撞事故,梁式桥,钢筋混凝土桥,桥面,春,上午,华南区域,广东顺德,地级市,碰撞事故,船只碰撞,轻微损伤,2012年5月7日,广东省顺德市潭州水道,未知,船舶行驶--对高度估计不足--船尾碰撞桥梁,未知,未知
1.10广东广州东洲大桥船撞事故,梁式桥,钢筋混凝土桥,承重梁,冬,下午,华南区域,广东广州,省会城市,碰撞事故,船只碰撞,中度损伤,2019年1月10日,广东省广州市广深高速公路,"1、事故情况转达广州增城海事处，该处马上派出“海巡09105”船赶赴事发现场。2、通过查看AIS系统，发现“粤东莞货1306""船在东江北干流南洲水域继续向下游航行，于是电话通知要求该船立即返航至东洲大桥附近水域锚泊等待事故调查处理。3、大桥业主委托检测机构对桥梁开展应急检测，同时封闭桥面深圳往广州方向的路肩及右侧一个车道。4、大桥业主组织大桥设计、施工、检测等单位研究制定应急处置方案，东洲大桥桥面双向交通管制封闭部分车道，大桥下行通航桥孔航道实施封航禁止船舶通行。",船舶行驶--进入东江大桥桥梁水域--未放下龙门架--龙门架触碰东洲大桥底部T梁,未知,未知
5.14广东东莞中堂水道桥船撞事故,梁式桥,钢筋混凝土桥,桥墩,春,中午,华南区域,广东东莞,地级市,碰撞事故,船只碰撞,轻微损伤,2016年5月14日,广东省东莞市广深高速中堂水道,1、船已被执法部门扣押回基地待进一步处理。,船舶行驶--碰撞桥梁,未知,未知
8.13广东中山沙口大桥旧桥船撞事故,梁式桥,钢筋混凝土桥,桥面箱梁,夏,上午,华南区域,广东中山,乡镇,碰撞事故,船只碰撞,轻微损伤,2012年8月13日,广东省中山市小榄镇,1、海事执法人员立即通过水上专用通信频道16频道向该船发出警示，要求其在附近选择安全水域抛锚待查。2、桥梁路面已经采取交通管制措施，市公路局已邀请省有关桥梁专家赴现场对桥梁状况进行检测评估。3、小榄海事处也已加强巡航措施，对通过事故水域的船舶进行提醒，要求谨慎驾驶，减速通过通航孔，防止次生事故发生。,船舶行驶--碰撞桥梁--掉头行驶,未知,未知
4.20广东和顺大桥船撞事故,拱式桥,钢筋混凝土桥,桥拱,春,晚上,华南区域,广东佛山,地级市,碰撞事故,船只碰撞,严重损伤,2019年4月20日,广东省佛山市南海区,1、南海海事处立即向相关部门上报事故信息，并采取应急处置措施。2、调派海巡船艇并结合海事智慧系统对桥梁附近水域实施临时交通管制，限制船舶航行。3、及时通报和顺大桥桥梁业主及地方政府相关部门。4、派出执法人员赶赴三水益豪沥青码头对肇事船“汇金易21”船进行调查取证。,船舶行驶--收到预警系统发出的安全提示，等待退潮--重新起锚开航--碰撞桥拱,未知,未知
1.8广东广州洪奇沥大桥船撞事故,梁式桥,钢筋混凝土桥,桥墩,冬,晚上,华南区域,广东广州,省会城市,碰撞事故,船只碰撞,严重损伤,2017年1月8日,广东省广州市南沙区番中公路,"1、接报后，中山海事局指挥中心人员对有关信息情况进行核实，发现事故属广州海事局管辖，即回复该船让其向广州海事局报告，同时向广州海事局通报事故情况。2、广州海事局交管中心接到中山海事局通报的事故情况，马上向局领导和广东海事局报告，指示广州南沙海事处开展事故应急处置工作。3、南沙交警大队接到上级指示，马上派出交警到现场查看，采取封路措施，截停过往车辆，有效防止了险情扩大和次生事故发生。4、接到厂州交管中心指令，广州南沙海事处派出“海巡09106""船、“海巡09107""船和两艘快艇前往现场对事故水域实施交通管制，疏导过往船舶绕航，禁止船舶从大桥孔通过，并开展事故调查工作。",船舶行驶--通过京珠高速洪奇沥大桥--碰撞番中公路洪奇沥大桥桥墩,未知,未知
3.27广东佛山西樵大桥船撞事故,梁式桥,钢筋混凝土桥,桥墩,春,上午,华南区域,广东佛山,地级市,碰撞事故,船只碰撞,轻微损伤,2016年3月27日,广东省佛山市西樵水道,1、广州海事部门接报后第一时间赶至现场处置，对事故水域实施临时交通管制，对事故原因进行了深入调查，同时采取后续措施加强汛期桥区水域的安全监管，防止类似事故再次发生。2、封闭大桥，对损害进行进一步检查。,船舶行驶--主机失灵--船舶失控--碰撞桥梁,未知,未知
7.27广东广州紫坭大桥船撞事故,梁式桥,钢筋混凝土桥,桥底,夏,晚上,华南区域,广东广州,省会城市,碰撞事故,船只碰撞,基本完好,2020年7月27日,广东省广州市番禺紫坭河,未知,船舶行驶--撞击桥梁,未知,未知
3.27浙江舟山金塘大桥船撞事故,梁式桥,钢筋混凝土桥,桥面,春,凌晨,华东区域,浙江舟山,地级市,碰撞事故,船只碰撞,坍塌,2008年3月27日,浙江省舟山市金塘岛,1、开展桥区安全航行风险分析。2、加强对进出港口船舶的管理。,船舶行驶--撞上大桥--桥面塌落,未知,未知
7.7江西上饶太阳埠大桥船撞事故,梁式桥,钢筋混凝土桥,桥墩,夏,晚上,华东区域,江西上饶,乡镇,碰撞事故,船只碰撞,坍塌,2020年7月7日,江西省上饶市鄱阳县鄱溪线凰岗镇,1、事故发生后，鄱阳县交通运输局已派相关人员赴现场处置，乡镇已采取措施全封闭交通。事故具体原因正在进一步调查中。,船舶行驶--撞上桥墩--梁板断裂,未知,未知
7.3广西贺州浔江特大桥船撞事故,梁式桥,钢筋混凝土桥,桥面,夏,晚上,华南区域,广西贺州,乡镇,碰撞事故,船只碰撞,严重损伤,2017年7月3日,广西省贺州市昭平县马江镇,1、梧州相关部门组织力量对事故船只进行拖离。2、对大桥进行封路作业，有关部门还安排了另外五艘船只参与现场维护工作。3、为了保障安全，高速公路公司对浔江大桥梧州往南宁方向的车道实行交通封闭管制，改由对向车道双向通行。,船舶行驶--撞上桥梁--卡在桥底,未知,未知
8.9广东顺德林头大桥船撞事故,拱式桥,钢筋混凝土桥,桥墩,夏,下午,华南区域,广东顺德,地级市,碰撞事故,船只碰撞,中度损伤,2013年8月9日,广东省顺德市潭州水道,1、相关的交通部门、治安部门等多部门分别派设专人，在林头大桥上、连接该桥段的互通车道进行交通疏导。2、海事部门曾派小艇、海事船一起尝试拉开那艘3000吨的运沙船。3、交通运输部安排专业检测车赶赴现场，将对林头大桥进行全面的检测。,船舶行驶--撞上桥梁--卡在桥墩之间,未知,未知
2.2浙江湖州水北大桥船撞事故,梁式桥,钢筋混凝土桥,桥面,冬,上午,华东区域,浙江湖州,乡镇,碰撞事故,船只碰撞,坍塌,2004年2月2日,浙江省湖州市德清县士林镇,未知,船舶行驶--撞上桥梁--桥梁坍塌,未知,未知
7.27浙江温州老殿后村桥船长事故,梁式桥,钢筋混凝土桥,桥面,春,中午,华东区域,浙江温州,乡镇,碰撞事故,船只碰撞,坍塌,2007年7月27日,浙江温州瓯海区温瑞塘河老殿后村,1、事发后，海事部门赶到现场处理，组织人员打捞沉船，排除航道险情。2、在桥端设置栅栏，防止有人走上断桥。,船舶行驶--撞上桥梁--桥面坍塌--压沉船只,未知,未知
10.5广东新会虎坑大桥船撞事故,梁式桥,钢筋混凝土桥,承重梁,秋,晚上,华南区域,广东江门,地级市,碰撞事故,船只碰撞,轻微损伤,2016年10月5日,广东省江门市新会区,"1、新会海事处接新会110转接报警通知后，立即启动应急预案，执法人员和“海巡09437""到达事故水域进行警戒。2、新会海事处执法人员会同交通局相关人员对桥梁受损情况进行查勘，判断桥梁无坍塌风险，决定实施交通管制，封闭半边桥梁，禁止大型货车通行，桥下继续保持船舶通航。3、执法人员现场确定肇事船舶为“粤广州货2366""，暂时收存该船证书，责令船舶航行至安全水域接受调查。4、海巡船在事发水域实行交通管控，提醒过往船舶注意航行安全，防范次生事故的发生。5、新会海事处组织“粤广州货236""船方代表和虎坑大桥业主单位在新会海事处会议室召开协调会议，由业主单位委托第三方机构对桥梁进行检测。",船舶由广州南沙东涌开出，计划去往新会三和砂场--通过虎坑大桥，没有指示当班船员提前关注船舶是否能够通过桥梁--船舶与桥梁发生碰撞,未知,未知
4.1广东珠海莲溪大桥船撞事故,梁式桥,钢筋混凝土桥,承重梁,春,上午,华南区域,广东珠海,地级市,碰撞事故,船只碰撞,中度损伤,2017年4月1日,广东省珠海市斗门区,1、怀远县江海船舶管理有限公司接船长报告事故信息后，立即启动应急预案，并和船舶保持沟通联系。2、珠海海事局交管中心启动“新晨光20”轮触碰莲溪大桥应急处置预案，派遣执法船艇和人员赶赴现场开展应急处置工作，并先后将事故情况通报给斗门区应急办、珠海市应急办、广东省搜救中心、珠海市安监局。3、珠海市政府组织成立莲溪大桥被撞事故处置领导小组。市政府组织市交通运输局、市公路局、珠海海事局、珠海航道局等18家单位协调解决桥梁抢修及处置相关问题，办公室设在市交通运输局。4、珠海海事局交管中心播发航行安全信息，对莲溪大桥附近水域开始交通管制。5、珠海市公路局采取加装石墩和铁网的方式对莲误大桥进行全封闭，并组织人员24小时现场值班，防止车辆、行人误入；珠海市公安局制定绕行方案并及时公示，同时在莲溪大桥两侧及必要位置设置明晰的道路标牌；斗门区制定绕行交通接驳工作方案，珠海市交通局协调珠海公交集团增设临时公交路线，斗门区协调珠海海事局、珠海航道局，依照程序在莲溪大桥周边增设临时渡口解决群众出行问题；珠海供电局、珠海水务集团及时恢复周边区域水电，保障群众生活用电、用水。,船舶正常行驶荷麻溪水道上游段--船舶通过荷麻溪大桥--转向错误至赤粉水道--发现走错航道，立即全速倒车--碰撞莲溪大桥主梁,未知,未知
8.23广州珠海桂山油库码头栈桥船撞事故,梁式桥,钢筋混凝土桥,桥墩,夏,上午,华南区域,广东珠海,地级市,碰撞事故,船只碰撞,中度损伤,2017年8月23日,广东省珠海市,"1、广州海事局接报后，协调“南海救116""轮前往救助该轮。2、""南海救116""与该轮带好缆绳。该轮起锚，由“南海救116""起拖。3、该轮锚离底，向广州交管申请到桂山岛南面抛锚，并得到同意。4、该轮被拖至桂山岛南面水域，抛锚。",船舶正常行驶--受台风“天鸽”影响--走锚失控触碰珠海中燃桂山油库大码头,未知,未知
9.10江苏扬州壁虎大桥船撞事故,梁式桥,钢筋混凝土桥,桥面,秋,凌晨,华东区域,江苏扬州,乡镇,碰撞事故,船只碰撞,坍塌,2021年9月10日,江苏省扬州市生态科技新城山河村,1、当地海事、公安等部门立即开展紧急救援。,船队航行--失控--偏航--撞上大桥--桥梁坍塌,未知,未知
8.15江苏兴化端午桥船撞事故,梁式桥,钢筋混凝土桥,桥梁附属结构物,夏,上午,华东区域,江苏兴化,乡镇,碰撞事故,船只碰撞,坍塌,2013年8月15日,江苏省兴化市戴窑镇车路河,1、当地海事、公安等部门对陆路交通和水上航运实施管制。2、打捞船只、清障桥梁，设立临时渡口，保障群众出行。,船队通航--经过车路河--撞上桥桩--桥梁坍塌--两辆车坠河,未知,未知
12.26江苏盐城商侍大桥船撞事故,拱式桥,钢筋混凝土桥,桥面,冬,下午,华东区域,江苏盐城,乡镇,碰撞事故,船只碰撞,坍塌,2010年12月26日,江苏省盐城市盐都区秦南镇,1、事故发生后，相关部门赶到现场处理善后。2、使用吊装船，将垮塌后压在船舶上的桥面吊离。3、盐邵线上下游的船只都被海事部门截留，待航道疏通后方能通行。,船队通行--撞毁大桥--航道阻塞,未知,未知
10.15广东肇庆西江大桥船撞事故,梁式桥,钢筋混凝土桥,除以上部位之外的桥面上其他部位,秋,傍晚,华南区域,广东肇庆,地级市,碰撞事故,船只碰撞,严重损伤,2015年10月15日,广东肇庆市,1、肇庆市水上搜救分中心接报“粤佛山工2038”船碰撞肇庆西江大桥险情后立即启动应急预案。2、迅速派出海巡1555、海巡09567、海巡09542、海巡09543赶往现场救援，对现场实施水上交通管制。3、通过甚高频（VHF）不间断发布航行通告，提醒过往船舶加强了望，谨慎驾驶。4、加强现场值班，24小时全天候对现场进行监控警戒，保障航运安全，防止事故水域次生事故的发生。5、迅速将事故险情报告市政府应急办，同时加强与市政府应急办等相关部门联系，做好对事故现场的应急处置工作。6、肇庆市领导查看现场情况后，紧急召开事故应急处置会议。7、海事部门实施水上交通管制，对水上交通进行疏导，必要时采取封航措施。8、铁路部门实施停运；三是公路方面实施封路，在保障切实防止次生事故发生的情况下，各相关部门相互配合，尽早制定吸砂管打捞及船舶拖离方案，并要求铁路部门专家尽早拿出铁路桥抢修方案，确保铁路桥尽早恢复通车。,船只涉嫌盗采河砂--肇庆市高要区水务局对船进行了扣押--监察大队聘请的开船人员准备将船开走--开船未调整龙门架高度--通过桥梁时龙门架碰撞肇庆西江大桥下行通航孔钢桁梁,未知,未知
12.30江苏南通国强大桥船撞事故,拱式桥,钢筋混凝土桥,桥索,冬,凌晨,华东区域,江苏南通,地级市,碰撞事故,船只碰撞,坍塌,2007年12月30日,江苏省南通市海门区,1、事故发生后，海门市交通、海事部门负责人迅速赶赴现场，组织救助，将船上３名船员安全撤离。2、海事部门出动海巡艇和海事人员２４小时在现场监护。3组织海事人员对事故船舶进行调查取证，对大桥两侧实施交通管制，并及时向上级部门申请发放航行通告。4、路政部门及时封闭了大桥两端接线公路，并设置了警示标志。5、海事、交通部门已确定事故处理方案，危桥将于１０日内被拆除。,船只行驶--避让交会船只--碰撞大桥,未知,未知
5.12江苏常州红旗桥船撞事故,梁式桥,钢筋混凝土桥,桥面,春,凌晨,华东区域,江苏常州,地级市,碰撞事故,船只碰撞,坍塌,2012年5月12日,江苏省常州市武进区焦溪舜河航道,"1、当地政府会同交通部门正在尽快落实便桥方案。2、地方海事部门也在对事故抓紧调处，争取早日打通航道。
",船只行驶--对水位变化估计不足--船头锚桩撞上拱梁--桥体坍塌,未知,未知
11.22江苏溧阳中渡桥船撞事故,梁式桥,钢筋混凝土桥,桥墩,秋,上午,华东区域,江苏溧阳  ,乡镇,碰撞事故,船只碰撞,坍塌 ,2011年11月22日,江苏省溧阳市南渡镇,未知,船只行驶--过桥--撞上桥墩--桥梁坍塌,未知,未知
3.9上海松江斜塘大桥船撞事故,梁式桥,钢筋混凝土桥,桥墩,春,上午,华东区域,上海松江,乡镇,碰撞事故,船只碰撞,严重损伤,2014年3月9日,上海市松江区石湖荡镇松蒸公路,1、公路部门启动桥梁突发事件应急预案，封闭桥梁。2、桥梁检测单位已到现场对受损桥墩进行检测，下阶段将尽快出台桥梁抢修方案。,船只行驶--碰撞大桥桥墩--肇事逃逸,未知,未知
8.7浙江宁波新江桥船撞事故,梁式桥,钢筋混凝土桥,桥墩,夏,上午,华东区域,浙江宁波 ,地级市,碰撞事故,船只碰撞,轻微损伤,2005年8月7日,浙江省宁波市,1、用拖船把船只拖走,船只行驶--碰撞桥梁--卡在桥洞,未知,未知
7.16广西贵港平南大桥船撞事故,梁式桥,钢筋混凝土桥,桥拱,夏,上午,华南区域,广西贵港,地级市,碰撞事故,船只碰撞,中度损伤,2019年7月16日,广西省贵港市,1、平南县公安局交警部门对西江大桥进行交通管制，引导大客车从西江二桥通行。2、相关部门迅速赶到现场进行救援，受伤人员已被送往医院救治。,船只行驶--撞击桥肋--桥拱破损,未知,未知
7.5上海奉贤金汇港桥船撞事故,梁式桥,钢筋混凝土桥,桥墩,夏,下午,华东区域,上海奉贤,直辖市,碰撞事故,船只碰撞,坍塌,2011年7月5日,上海市奉贤区大叶公路,1、事故发生后，上海市地方海事部门立即启动应急预案，封闭了这一航段。2、拦截船只，在指定水域等候。3、金汇港大叶公路桥南侧车道封闭，车辆改走北侧车道。,船只行驶--撞上桥墩--桥梁板梁断裂塌落,未知,未知
8.5湖南怀化过江供水铁拉大桥遇风垮塌事故 ,梁式桥,钢筋混凝土桥,桥墩,夏,晚上,华中区域,湖南怀化,乡镇,其他事故,大风,坍塌,2010年8月5日,湖南省怀化市沅陵县五强溪镇,1、当地镇党委、政府在接到灾情报告后，立即组织党员干部赶到现场勘察。2、通知海事、航道等部门进行标识牌设立、引航及巡查工作，确保现场安全。3、五强溪镇干部群众正积极投入到灾后供水大桥抢修工作中。,大风天气--吹垮过江供水大桥,未知,未知
6.23河北石家庄子龙大桥护栏断裂事故,梁式桥,钢筋混凝土桥,桥梁附属结构物,夏,晚上,华北区域,河北石家庄,县级市,设计事故,质量问题,中度损伤,2011年6月23日,河北省石家庄市正定县,1、现场的工人正在将桥西侧的人行道围住，以免造成危险。2、清理被风吹倒的石栏杆。3、施工单位建设新栏杆。,大桥栏杆设计不当--狂风入镜--栏杆被吹倒,未知,未知
8.12甘肃华干路大桥坍塌事故,梁式桥,钢筋混凝土桥,桥面,夏,早晨,西北区域,甘肃武威市,县级市,疲劳事故,疲劳,坍塌,2006年8月12日,甘肃省武威市天祝县华干路,1、政府部门全面封闭华干路大桥。2、水利部门疏通河道，分散水流，减弱河水对大桥桥墩的冲刷。3、取缔华干路和达隆路大桥上游200米，下游1000米范围内的砂厂，禁止在河床内采砂，确保大桥安全。4、天祝县邀请有关方面专家，对垮塌的大桥进行科学论证，以决定是否进行拆除重建或维修。,大桥年久失修，超期服役--暴洪灾害频繁，桥墩基础被洪水冲刷已经形成空洞--车辆超载，对大桥破坏严重--采砂厂在大桥上下河床采砂，造成河床下降--大桥坍塌,未知,未知
11.19江西南昌南邓大桥坍塌事故,梁式桥,钢筋混凝土桥,桥面,秋,凌晨,华东区域,江西南昌,乡镇,疲劳事故,疲劳,坍塌,2011年11月19日,江西省南昌市南昌县八一乡,1、把南邓大桥坍塌的大桥清理掉，然后，在断桥处搭建临时的木桥，在新大桥修好前，供村民使用。2、相关部门已经在南邓大桥东面约100米的地方进行立项、勘探，打算修造一座高档次的大桥。,大桥年久失修--发生坍塌,未知,未知
6.18河北平泉旧平泉大桥坍塌事故,梁式桥,钢筋混凝土桥,桥墩,夏,傍晚,华北区域,河北平泉,县级市,水利事故,洪水,坍塌,2001年6月18日,河北省平泉市,1、灾害发生后，平泉县县委、县政府立即调集驻县解放军、武警部队官兵及公安干警组成抢险突击队，并组织了5000多人的抢险队伍。2、 封锁路面，立即展开救援工作。,大桥年久失修--突降暴雨，河道水流湍急--桥墩被冲垮--大桥坍塌,未知,未知
12.10四川攀枝花金沙江大桥塌陷事故,拱式桥,钢筋混凝土桥,吊杆,冬,晚上,西南区域,四川攀枝花,地级市,疲劳事故,疲劳,严重损伤,2012年12月10日,四川省攀枝花市区,1、交通、公安、安监等相关部门召开紧急抢险会，作出应急部署，组织施工队伍对倮果大桥两头施工封闭，杜绝安全事故。2、当晚，政府通过电视台、电台公告和手机短信等方式，对市民发出了紧急封桥通告，从当晚起，倮果大桥禁止一切行人和车辆通行，来往江两岸的市民和车辆须绕行。,大桥疲劳--吊杆脱落--桥梁中间塌陷,未知,未知
12.22广东江门圣堂大桥坍塌事故,梁式桥,钢筋混凝土桥,桥面,冬,下午,华南区域,广东江门,乡镇,水利事故,冲刷,坍塌,2013年12月22日,广东省江门市恩平市圣堂镇,1、事故发生后，圣堂镇委镇政府、市交通运输局、圣堂大桥重建工程施工单位等部门立即组织值班巡查组到达现场，组织人员封锁大桥，中断交通，避免人员伤亡事故发生。2、拆除旧桥，搭建新桥。3、调派了3辆中巴车送学生上下学，解决学生上学过桥难问题。,大桥疲劳--沿途电站放水，冲刷桥墩--桥梁坍塌,未知,未知
11.25陕西安康冷水河大桥坍塌事故,梁式桥,钢筋混凝土桥,桥面,秋,凌晨,西北区域,陕西安康,县级市,疲劳事故,疲劳,坍塌,2006年11月25日, 陕西省安康市白河县316国道,1、陕西省和安康市交通部门人员相继赶到白河，紧急处理事故善后事宜。2、经过专家组现场勘测和讨论，决定沿汉江抢修临时便道，24小时不间断施工，用10天时间完成临时便道抢修任务。3、公路交通设计部门将尽快拿出大桥设计方案，尽早实现修复通车。,大桥长期负载--年久失修--桥梁坍塌,未知,未知
5.26江苏扬州东汇大桥船撞事故,梁式桥,钢筋混凝土桥,桥墩 ,春,晚上,华东区域,江苏扬州,乡镇,碰撞事故,船只碰撞,坍塌,2004年5月26日,江苏省扬州市江都区樊川镇,1、当地政府连夜紧急组织民警封锁了危桥，实行24小时值班。2、动员机关干部护送学生绕道上学。3、扬州及江都的相关职能部门举行了现场办公会，提出把解决群众的生活困难放在第一位，确保三天内解决因撞桥引起的自来水中断问题，20天内在附近架设一座便桥。,大型船队通过大桥--撞击大桥桥墩--桥面塌陷--航线断航,未知,未知
7.7安徽六安市七里桥坍塌事故,梁式桥,钢筋混凝土桥,桥面,夏,上午,华东区域,安徽六安,地级市,水利事故,冲刷,坍塌,2013年7月7日,安徽省六安市,未知,大雨冲刷--桥梁断裂,未知,未知
8.29广东梅州黄金大桥坍塌事故,梁式桥,钢筋混凝土桥,桥面,夏,上午,华南区域,广州梅州,乡镇,水利事故,洪水,坍塌,2013年8月29日,广东省梅州市丰顺县黄金镇,1、塌桥后当地设置了临时渡口，丰顺县交通运输局调派两艘渡船进行渡运，村民一律免费乘坐。2、镇里每天下派20多个干部轮流值守，保障每天过往的乘船学生的安全。,当地连遭“尤特”、“潭美”台风--大桥桥墩明显下沉，桥面向下凹陷--桥面中间塌陷，桥身断折成数截,未知,未知
11.12湖北武昌良久货运码头渡口桥垮塌事故,梁式桥,钢筋混凝土桥,桥面,秋,下午,华中区域,湖北武昌,地级市,疲劳事故,疲劳,坍塌,2005年11月12日,湖北省武昌市,未知,渡口桥长期负荷载重--坍塌 ,未知,未知
2.15广东深圳深圳湾大桥事故,组合体系桥,钢筋混凝土桥,桥索,冬,中午,华南区域,广东深圳,地级市,腐蚀事故,钢缆腐蚀,轻微损伤,2019年2月15日,广东省深圳市南山区,1、经过工程师、顾问及专家检查后，确认深圳大桥结构安全。,对大桥进行巡查--外置钢缆折断,未知,未知
10.10江苏无锡高架桥侧翻事故,梁式桥,钢筋混凝土桥,桥面,秋,晚上,华东区域,江苏无锡,地级市,过载事故,超载,坍塌,2019年10月10日,江苏省无锡市312国道,1、江苏省、无锡市启动了应急响应机制，全力开展事故救援处置工作。2、交通运输部公路局、部路网中心根据部统一部署，已紧急调度中交养护集团就近队伍赶赴现场支援，并开辟了绕行路线，全力做好抢险救援、情况核实、恢复畅通等各项工作。3、交通运输部专家组已赶赴现场指导事故调查，无锡市也已成立事故调查组。,多辆货车严重超载--压塌高架桥--3辆小车被压--3人死亡，2人呢受伤,未知,未知
5.22青海果洛州玛多野马滩大桥坍塌事故,梁式桥,钢筋混凝土桥,桥面,春,早晨,西北区域,青海果洛州玛多,县级市,地震事故,地震,坍塌,2021年5月22日,青海省果洛州玛多县,1、对桥梁的下部结构和桥梁梁板进行全面的检测，决定重建方案。,发生地震--大桥坍塌,未知,未知
9.20四川雅安姚河坝桥断裂事故,梁式桥,钢筋混凝土桥,桥面,秋,中午,西南区域,四川雅安,县级市,其他事故,塌方,严重损伤,2020年9月20日,四川省雅安市石棉县G5京昆高速雅西段,1、灾害发生后，交通运输厅高度重视，厅党组书记、厅长罗佳明立即统筹安排雅西高速和G108线抢通工作，并派出由厅领导带队、公路设计院桥梁技术专家参加的厅工作组赶往现场指导公司和地方开展应急处置。2、四川交投建设养护三片区已第一时间成立应急抢险队赶往现场，机械设备已调动完毕，待实际现场勘察完毕，会同一路多方及相关专家商讨确定应急抢险处治方案后，立即开展抢险施工作业。3、采取交通管制措施，分流车辆 。,发生塌方--落石落下--桥梁断裂,未知,未知
9.14山西太原武宿村高架桥坍塌事故 ,梁式桥,钢筋混凝土桥,桥面,秋,傍晚,华北区域,山西太原,乡镇,其他事故,未知,坍塌,2014年9月14日,山西省太原市太榆路武宿村,1、封闭道路。2、立即对道路进行施工修复。,高架桥修复通车不久--重新坍塌,未知,未知
4.15浙江杭州萧山工人路高架桥引桥坍塌事故,梁式桥,钢筋混凝土桥,桥面,春,上午,华东区域,浙江杭州,省会城市,疲劳事故,疲劳,坍塌,2017年4月15日,浙江省杭州市萧山区工人路,1、交警在建设一路工人路口、金惠路工人路口采取管控措施，禁止一切车辆驶入。,高架桥引桥断裂--有人受伤,未知,未知
7.3浙江临海程家桥断裂事故,梁式桥,钢筋混凝土桥,桥面,夏,下午,华东区域,浙江临海,乡镇,其他事故,高温受热膨胀,中度损伤,2011年7月3日,浙江省临海市汛桥镇汛蒋线,1、事情发生后，路政部门立马赶到现场进行抢修。2、把桥上出现问题的水泥路面临时打碎铺平，并通过交警提醒路过车辆减速慢行。3、桥面进行重新浇筑，新浇筑的部分暂时封道，过往车辆从另半边桥面通过。,高温--桥梁受热碰撞--拱起断裂,未知,未知
5.24安徽怀宁和平桥倒塌事故,梁式桥,钢筋混凝土桥,桥面,春,上午,华东区域,安徽怀宁,乡镇,质量问题,偷工减料,坍塌,2007年5月24日,安徽省怀宁县高河镇,未知,工程负责人严重渎职——工程发包给没有建筑资质的村民——大桥施工过程中，随意变更图纸、偷工减料——桥梁倒塌,未知,未知
11.20四川泸州长江大桥桥墩开裂事故,梁式桥,钢筋混凝土桥,桥墩,秋,傍晚,西南区域,四川泸州,地级市,疲劳事故,疲劳,中度损伤,2012年11月20日,四川省泸州市,1、泸州市委副书记曹建国等泸州市相关领导，来到现场密切关注最新动态，并亲自指挥相关人员做好应急处置。2、次日大桥封闭开始检修。,工作人员例行检查--发现桥墩出现裂缝--次日封闭桥梁,未知,未知
9.14黑龙江哈尔滨米巴兰河桥坍塌事故,梁式桥,钢筋混凝土桥,桥墩,秋,上午,东北区域,黑龙江哈尔滨,省会城市,疲劳事故,疲劳,坍塌,2018年9月14日,黑龙江省哈尔滨市依兰县京抚公路（G102）路段,1、当地已对该桥进行全面封闭，禁止一切车辆和行人通行并设置警示标志。2、并实施24小时有人看守。,公路桥年久失修--桥墩坍塌,未知,未知
9.7四川成都三渡水大桥坍塌事故,梁式桥,钢筋混凝土桥,桥墩,秋,上午,西南区域,四川成都,省会城市,其他事故,河道采砂,坍塌,2004年9月7日,四川省成都市温江区成温邛高速,1、成都市交通局紧急召集市内各大媒体，就三渡水大桥垮塌及相关抢险情况举行了新闻通气会。,过渡采砂--河床变窄--水流速度加剧--洪水掏空桥墩--三孔桥梁坍塌,未知,未知
9.2北京水泥桥坍塌事故,梁式桥,钢筋混凝土桥,桥面,秋,早晨,东北区域,北京,乡镇,疲劳事故,疲劳,坍塌,2011年9月2日,北京市怀柔区汤河口镇东黄梁村,1、抢修人员在桥边紧急修复一条便道，让两侧车辆分批通行。2、紧急调派几辆挖掘机，将桥边便道拓宽。3、将桥体碎石去除，重铺沥青路面,过往大货车不断增多--桥面出现多处裂痕--不堪重负坍塌,未知,未知
4.12浙江衢州长风大桥开裂事故,梁式桥,钢筋混凝土桥,桥墩,春,中午,华东区域,浙江衢州,乡镇,水利事故,冲刷,严重损伤,2010年4月12日,浙江省衢州市常山县琚家村,1、常山县委县政府领导赶赴现场，相关单位人员封闭了大桥，安排专人引导车辆往老205国道绕行。2、经过省市县专家会诊，长风大桥7－10号桥墩和20多米桥面拆除重建。,河坝泄洪--河水冲刷--桥基掏空--桥墩下陷--桥梁开裂,未知,未知
8.14江西赣州大古山桥断裂事故,梁式桥,钢筋混凝土桥,桥面,夏,上午,华东区域,江西赣州,乡镇,其他事故,河道采砂,坍塌,2014年8月14日,江西省赣州市上犹县社溪镇江头村,1、在桥头悬挂“行人请绕行”的指示牌。2、政府在老桥上游1公里处新建了一座大桥。,河道采砂--河床下沉--桥墩基础沉降--桥梁断裂,未知,未知
6.9陕西西安灞桥（老）公路大桥桥墩移位事故,梁式桥,钢筋混凝土桥,桥墩,夏,下午,西北区域,陕西西安,省会城市,水利事故,洪水,严重损伤,2002年6月9日,陕西省西安市310国道,1、该桥已被警方封锁，禁止车辆和行人通行。2、6月10日上午，该桥险情引起西安市委、市政府和灞桥区领导的高度重视，西安市委、市政府立即召集市政、交通、防汛、水利等部门研究部署抢险方案。3、10日下午，抢险施工人员进驻310国道灞桥（老）公路大桥昼夜施工加固抢险。,洪水冲击--公路桥桥墩下游拦洪坝被冲毁--4个桥墩受损，2个桥墩移位,未知,未知
6.9陕西西安陇海线灞河铁路桥坍塌事故,梁式桥,钢筋混凝土桥,桥墩,夏,下午,西北区域,陕西西安,省会城市,水利事故,洪水,坍塌,2002年6月9日,陕西省西安市陇海线,1、西安市公安局灞桥分局局长王安群、副局长秦长照接到群众报警后，迅速带领灞桥派出所、席王派出所以及治安科、刑警大队300多名民警迅速赶到现场疏导交通、协助抢险。郑州铁路局西安铁路分局张副局长带领西安工务段等部门紧急赶赴现场抢险。2、西安市公安局副局长马中林以及铁路、防汛等部门领导在抢险一线指挥抢险，公安灞桥分局派出治安、刑侦、巡警等300多人协助抢险。截至昨晚11时许，西安市公安局指挥中心增派200多名特警赶赴现场抢险。3、铁道部有关领导以及专家连夜赶赴西安，调查事故原因。4、及时封锁铁路线路并拦停一列货车。,洪水冲击--铁路桥桥墩倒塌--桥梁坍塌,未知,未知
6.9陕西西安西康线灞河铁路桥桥墩外露事故,梁式桥,钢筋混凝土桥,桥墩,夏,下午,西北区域,陕西西安,省会城市,水利事故,洪水,中度损伤,2002年6月9日,陕西省西安市西康线,1、铁路抢险人员昼夜奋战施工抢险。2、每当列车从大桥缓缓通过，西康铁路大桥上每个桥墩下都有专人守候并观测桥墩的变化。,洪水冲击--铁路桥桥墩外露--桥梁风险极大,未知,未知
11.30安徽黄山红星大桥坍塌事故,梁式桥,钢筋混凝土桥,桥墩,秋,下午,华东区域,安徽黄山,乡镇,水利事故,洪水,严重损伤,2011年11月30日,安徽省黄山市歙县王村镇升庄村,1、桥两头设置了隔离带，禁止车辆通行。2、申请危桥改造。,洪水袭击---桥墩下沉--桥面断裂下沉,未知,未知
4.20广东潮州广济桥船撞事故,组合体系桥,复合材料桥,桥墩,春,凌晨,华南区域,广东潮州,地级市,碰撞事故,船只碰撞,中度损伤,2019年4月20日,广东省潮州市,1、安排船只已将其拖离桥区水域，并转移至沙洲岛水域停泊。2、广济桥也被保护起来，广济桥景区已暂停对外开放。,洪水影响--飘来船舶--撞上桥梁,未知,未知
8.6山东济南燕李黄河浮桥断裂事故,浮桥,钢筋混凝土桥,桥面,夏,中午,华东区域,山东济南,乡镇,疲劳事故,疲劳,坍塌,2006年8月6日,山东省济南市长清区孝里镇燕庄村,未知,黄河上游连日降雨--水位猛涨，水流湍急--货车行驶到浮桥中--浮桥断裂--货车落水,未知,未知
8.14浙江杭州伍杭运河桥坍塌事故,梁式桥,钢筋混凝土桥,桥面,夏,凌晨,华东区域,浙江杭州,乡镇,过载事故,超载,坍塌,2004年8月14日,浙江省杭州市余杭区伍杭镇,未知,黄沙车超负荷--压塌桥梁--汽车坠河,未知,未知
10.24广西南宁新兴苑段过街天桥坍塌事故,梁式桥,钢筋混凝土桥,桥面,秋,清晨,华南区域,广西南宁,省会城市,碰撞事故,汽车碰撞,坍塌,2021年10月24日,广西省南宁市,1、事发后，南宁交警、应急管理、交通运输管理局等相关部门及时赶到现场处置。2、肇事司机蒙某被交警带回去调查。,货车超高--撞击桥梁--引桥坍塌,未知,未知
10.24江苏丹阳庭河桥坍塌事故,拱式桥,钢筋混凝土桥,桥面,秋,下午,华东区域,江苏丹阳,乡镇,过载事故,超载,坍塌,2012年10月21日,江苏省丹阳市后巷镇,1、江苏镇江消防支队丹阳大队滨江中队接到报警，滨江中队迅即派出官兵赶赴现场救援。2、请有关专家前来对桥梁进行鉴定，尽快找到事故的真正原因。,货车超载--经过桥梁--压塌桥面--货车落水,未知,未知
11.24天津大港老窦家庄大桥坍塌事故,梁式桥,钢筋混凝土桥,桥面,秋,下午,华北区域,天津大港,直辖市,过载事故,超载,坍塌,2007年11月24日,天津市大港区老窦家庄,未知,货车超载--驶上老桥--压塌桥梁,未知,未知
10.23内蒙古包头民族东路高架桥倾斜事故,梁式桥,钢筋混凝土桥,桥面,秋,晚上,华北区域,内蒙古包头,地级市,过载事故,超载,坍塌,2007年10月23日,内蒙古包头市民族东路,1、事故发生后，包头市委书记莫建成，包头市委副书记、市长呼尔查等领导立即赶赴事故现场，成立了事故应急指挥部，迅速组织力量清理现场，展开对事故原因的调查。2、要求对全市重大基础设施进行进一步隐患排查。,货车超载--行驶高架桥--桥面倾斜--桥下铁路专用线中断--列车停运,未知,未知
4.9河南郑州跨京广铁路大桥事故,梁式桥,钢筋混凝土桥,承重梁,春,晚上,华中区域,河南郑州,地级市,过载事故,超载,严重损伤,2011年4月9日,河南省郑州市中州大道,1、事故发生后，郑州市委、市政府相关领导第一时间赶赴现场指挥抢险。2、铁路、公安、消防、安监、交通等部门立即赶往现场紧急抢险。3、京广铁路双向限速行驶。,货车超载--压断京广铁路大桥承重梁--危及京广铁路上下行安全--紧急抢险,未知,未知
2.10宁夏吴忠市水套村西桥坍塌事故,梁式桥,钢筋混凝土桥,桥面,冬,凌晨,西北区域,宁夏吴忠市,乡镇,过载事故,超载,坍塌,2013年2月10日,宁夏吴忠市红寺堡区太阳山镇水套村,1、吴忠市红寺堡区委、政府立即启动道路交通安全应急预案，成立了事故调查处置领导小组，责成公安交警、路政部门立即对事故车辆展开调查。2、红寺堡区公安交警、交通运输部门第一时间对盐兴公路进行封闭管制，设立绕道行驶标志牌和安全警示牌，对过往车辆进行交通疏导，并在坍塌桥梁两端设置全路面封闭路障和安全警示标志。3、红寺堡区交通运输、公安交警部门和太阳山镇全力配合宁夏公路管理局吴忠分局抢修便道，尽快恢复正常通行。4、红寺堡区事故调查处置领导小组责成公安交警部门配合宁夏公路管理局吴忠分局，尽快组织专家对桥梁坍塌原因及事故发生原因进行全面调查，并以此次事故为警示，进一步加强红寺堡区境内国道、省道、县道及农村公路治理超载超限工作。,货车超载--压塌桥梁--车厢掉落--肇事逃逸,未知,未知
12.2湖南常德泥窝潭乡石拱桥坍塌事故,拱式桥,圬工桥,桥面,冬,傍晚,华中区域,湖南常德,乡镇,过载事故,超载,坍塌,2011年12月2日,湖南省常德市桃源县泥窝潭乡,1、事发后，当地政府立即组织了救援。2、泥窝潭乡政府按上级有关要求，对全乡各类安全隐患进行了拉网式的例行排查。3、随即制作警示牌，并放置于桥头，每天派专人注意观测大桥安全。,货车送货--不熟悉当地路况--超负荷过桥--桥面塌陷,未知,未知
8.1山东济南泺口黄河浮桥断裂事故,浮桥,钢筋混凝土桥,桥面,夏,早晨,华东区域,山东济南,省会城市,其他事故,行驶故障,轻微损伤,2015年8月1日,山东省济南市天桥区泺口街道,1、对浮桥进行紧急抢修。,货车行驶--车身太重--连续三次没能冲上坡--回溜货物压坏轮胎--车头和车箱连接处断裂--压塌浮桥,未知,未知
5.30四川成都林湾人行过街天桥车撞事故,梁式桥,钢筋混凝土桥,桥面,春,凌晨,西南区域,四川成都,省会城市,碰撞事故,汽车碰撞,中度损伤,2018年5月30日,四川省成都市郫都区蜀源大道,1、该路段进城方向道路全部封闭，禁止车辆通行，出城方向道路采取双向通行措施。2、交通事故正在现场处置，交警到达现场指挥交通。,货车行驶--货厢液压装置升起--超高--撞上人行天桥,未知,未知
7.5四川成都府河大桥车撞事故,悬索桥,钢筋混凝土桥,桥索,夏,凌晨,西南区域,四川成都,省会城市,碰撞事故,汽车碰撞,严重损伤,2017年7月5日,四川省成都市G4201绕城高速东段,1、成都交警在勘查交通事故现场的同时，迅速对受损桥面采取了保护性交通管理措施，并将相关情况通报川西高速公司，现相关部门正在进行检测和紧急抢修。2、绕城高速外侧天府收费站至成自泸收费站已封闭， 禁止车辆通行。3、成都市交管部门调整绕行线路。,货车行驶--撞击桥梁钢索--钢索被严重撞毁，水泥护栏受损,未知,未知
6.16河南新蔡县106国道关津大桥坍塌事故,梁式桥,钢筋混凝土桥,桥面,夏,下午,华中区域,河南驻马店,县级市,过载事故,超载,坍塌,2006年6月16日,河南省驻马店市新菜县106国道,1、事故发生后，省交通厅、省公路局派出的工作组于17日下午在新蔡县召开现场办公会，对事故处理、桥梁抢修、道路保通、车辆绕行等做了具体部署。2、新蔡县警方立案侦查，全力追查肇事司机。路政、运政部门依据有关法规对肇事车辆着手进行处罚论证。3、驻马店市公路部门组织的施工队对桥梁进行全面抢修。,货车严重超载--强行抢道--驶入大桥--压塌梁板--驾驶员弃车逃离,未知,未知
2.26北京营门北大桥坍塌事件,梁式桥,钢筋混凝土桥,桥面,春,上午,东北区域,北京,直辖市,过载事故,超载,坍塌,2014年2月26日,北京市丰台区南苑,1、有关工程技术人员迅速赶到现场，检查具体损害情况。2、启动桥梁突发事件应急预案，立即断路，严禁机动车在桥上通行。3、交通支队则在沿线设置断路、绕行标志。4、丰台区市政管委与市公交总公司、市政工程管理处桥梁管理所、丰台交通支队现场召开联席会，确定桥梁修建方案及施工期间的交通解决方案。,货车严重超载--桥梁坍塌,未知,未知
7.8山西临汾席坊桥坍塌事故,梁式桥,钢筋混凝土桥,桥面,夏,凌晨,华北区域,山西临汾,乡镇,过载事故,超载,坍塌,2007年7月8日,山西省临汾市尧都区金殿镇席坊村,1、事故发生后，尧都区金殿镇政府领导迅速调配大型装载机4辆，为解决要道公路涌堵车流，迅速从塌陷桥梁两侧推了两条简易绕行道路。2、公路养护部门和金殿镇政府组织人员，对堵塞的车辆进行开辟新临时通道进行车流疏散。,货车严重超载--压塌桥梁--交通瘫痪,未知,未知
8.15山西太原东柳林桥坍塌事故,梁式桥,钢筋混凝土桥,桥面,夏,上午,华北区域,山西太原,省会城市,过载事故,超载,坍塌,2007年8月15日,山西省太原市小店区208国道,1、封闭桥梁，进行交通管制。2、上报交通部，交警部门查找肇事司机的下落,货车严重超载--压塌桥梁--肇事逃逸,未知,未知
7.13广州北斗大桥南引桥船撞事故,梁式桥,钢筋混凝土桥,桥墩,夏,早晨,华南区域,广东广州,省会城市,碰撞事故,船只碰撞,中度损伤,2021年7月13日,广东省广州市,1、海事部门已对北斗大桥附近水域实施临时封航的交通管制措施，并开展事故调查。2、桥梁业主单位广州市番禺北斗大桥有限公司正对桥梁进行详细勘察。番禺区、南沙区政府全力配合做好善后工作。,货船行驶--碰撞到北斗大桥南引桥过渡墩--桥墩破损,未知,未知
1.15江苏南通英雄大桥船撞事故,梁式桥,钢筋混凝土桥,桥墩,冬,上午,华东区域,江苏南通,地级市,碰撞事故,船只碰撞,坍塌 ,2021年1月15日,江苏省南通市通州区,1、事故发生后，南通市通州区相关部门实施交通管制。2、海事人员在应急处置过程中，展开一系列工作：树立安全警示标识、警示灯，联系打捞公司作业车辆和机械进场。3、第一时间打捞沉船和垮塌桥体，排除安全隐患，尽快恢复航道通行。执法大队应急铺设围栏，防止沉船造成污染。打捞期间，海事在事发水域上下游进行交通管制，将水域封航，防止二次事故。4、风险程度较高的相关区域将24小时进行交通管制，直至恢复通航。,货船行驶--碰撞桥墩--桥墩垮塌--中跨桥面垮塌,未知,未知
6.8江苏丹阳九曲河路巷桥船撞事故,梁式桥,钢筋混凝土桥,桥墩,夏,晚上,华东区域,江苏丹阳,县级市,碰撞事故,船只碰撞,坍塌 ,2021年6月8日,江苏省丹阳市,未知,货船行驶--强行超越前方船舶--碰撞桥墩--桥体断裂,未知,未知
4.24广东广州川槎大桥船撞事故,梁式桥,钢筋混凝土桥,桥墩,春,下午,华南区域,广东广州,省会城市,碰撞事故,船只碰撞,严重损伤,2013年4月24日,广东省广州市广深高速公路,1、对桥梁右车道和路肩进行临时封闭。2、广深高速召集检测单位和设计单位技术人员到现场对桥梁受损情况进行检测。考虑封闭部分车道，对被撞梁体进行维修处理，初步估计工期将在三个月左右。,货船行驶--撞击桥梁--临时封闭,未知,未知
5.31浙江宁波北仑协和码头引桥船撞事故,梁式桥,钢筋混凝土桥,桥面,春,晚上,华东区域,浙江宁波 ,地级市,碰撞事故,船只碰撞,坍塌,2018年5月31日,浙江省宁波市北仑协和码头,未知,货船行驶--撞塌桥梁,未知,未知
7.27四川眉山岷江大桥坍塌事故,梁式桥,钢筋混凝土桥,桥面,夏,晚上,西南区域,四川眉山,地级市,疲劳事故,疲劳,坍塌,2018年7月27日,四川省眉山市彭山区,1、为防止次生灾害的发生，切实保障人民群众的生命财产安全，严禁任何行人和车辆进入岷江大桥危险封闭区域。2、禁止一切人员和车辆、渔船、采砂船只、旅游船只等进入岷江大桥上下游1公里河道范围。,检测到大桥出现位移--立即上报--封闭大桥--桥面垮塌,未知,未知
5.15浙江绍兴东郭立交桥事故,梁式桥,钢筋混凝土桥,桥墩,春,上午,华东区域,浙江绍兴,地级市,碰撞事故,汽车碰撞,严重损伤,2019年5月15日,浙江省绍兴市嵊州市,1、嵊州市领导、交通、交警等第一时间赶赴事故现场做好指挥。2、省交通运输厅、嵊州市政府等一致同意将104线东郭分离桥修复工作列为应急抢险工程，并立即实施。3、甬金高速嵊州南至黄泽段实行临时封闭，104线东郭分离桥左幅封道。4、第二天下午，对104线东郭分离桥受损桥墩和桥面进行机械凿除，通过通宵作业，于5月17日凌晨4时30分，完成立柱及盖梁的拆除工作。,交通事故--侧翻车辆撞击桥墩--立柱开裂,未知,未知
5.12浙江湖州千金镇西大桥船撞事故,拱式桥,钢筋混凝土桥,桥拱,春,晚上,华南区域,浙江湖州,乡镇,碰撞事故,船只碰撞,坍塌,2004年5月12日,浙江省湖州市菱善航道千金镇,1、当地海事部门闻讯后当即赶到现场，封闭了通往大桥的公路和航道。并展开打捞工作。2、马上组织恢复航道交通。,空货船行驶--撞击大桥一侧拱桥-桥梁1个小时后整体坍塌,未知,未知
12.26上海松江油墩港航道公路桥船撞事故,梁式桥,钢筋混凝土桥,桥面,冬,晚上,华东区域,上海松江,乡镇,碰撞事故,船只碰撞,坍塌,2011年12月26日,上海市松江区石湖荡镇油墩港航道,1、松江海事处正配合当地政府调集应急打捞队伍，在现场组织开展清障和拆桥工作。2、安排巡逻艇在事发水域维持航道安全，维护现场通航秩序。3、海事部门对事故具体原因开展调查。,空载货船航行--撞断公路桥--桥面坍塌,未知,未知
4.8山东德州马颊河大桥坍塌事故,梁式桥,钢筋混凝土桥,桥面,春,清晨,华东区域,山东德州,县级市,过载事故,超载,坍塌,2007年4月8日,山东省德州市陵县353省道,1、有关部门获悉该情况后迅速赶到现场，为防止出现其他情况，他们立即用警车以及显著标志封锁坍塌桥面前后路段，同时增派警力指挥交通，并紧急向其他部门求援。2、公路部门出动大批车辆赶到现场，一边分流其他过往货车，一边将半个桥面封锁。,拉煤大货车超载--路过桥梁--压塌桥梁--货车坠河,未知,未知
7.26江苏江阴永安桥坍塌事故,梁式桥,钢筋混凝土桥,桥面,夏,晚上,华东区域,江苏江阴,乡镇,疲劳事故,疲劳,坍塌 ,2012年7月26日,江苏省江阴市利港镇,1、村委立即派人查看现场，并立刻封桥，同时悬挂警示灯。2、利港镇水利科、农机站派专人到现场查看，并在塌陷桥梁旁侧架设1.2米宽的临时通道。,老桥年久失修--出现裂缝--坍塌,未知,未知
7.24河南南阳百年老洋桥坍塌事故,梁式桥,钢筋混凝土桥,桥面,夏,上午,华中区域,河南南阳,县级市,疲劳事故,疲劳,坍塌,2010年7月24日,河南省南阳市内乡县,未知,老洋桥年久失修--暴雨来袭--被洪水冲塌,未知,未知
1.2湖北武汉卓刀泉立交桥事故,梁式桥,钢筋混凝土桥,桥面,冬,上午,华中区域,湖北武汉,省会城市,其他事故,裂缝,基本完好,2011年1月2日,湖北省武汉市卓刀泉路,1、邀请多位专家现场考察。2、对桥面进行维修。,立交桥桥面出现裂缝--现场考察不存在质量问题,未知,未知
6.26广东深圳夏陂头桥坍塌事故,梁式桥,钢筋混凝土桥,桥台,夏,中午,华南区域,广东深圳,地级市,水利事故,冲刷,坍塌,2008年6月26日,广东省深圳市龙岗区深惠路平湖路口,1、事发后，市公路局局长阎志祯等领导，龙岗区公路局、龙岗区应急指挥中心、龙岗交警大队、龙岗区交通疏解办、地铁3号线有限公司、龙岗街道办等单位领导迅速赶赴现场指挥事故处理工作。2、立即开展该桥重建工作。,连降暴雨--桥台损坏--桥面坍塌--小轿车和公交车冲入河中--有关单位应急处理,未知,未知
8.3山东烟台外夹河铁路大桥坍塌事故,梁式桥,钢桥,桥墩,夏,凌晨,华东区域,山东烟台,地级市,水利事故,洪水,坍塌,2001年8月3日,山东省烟台市福山区,1、在桥梁坠落后，路局左慎湘局长立即指示，尽快抢险恢复蓝烟线行车；刘永顺副局长在总调度室紧急研究抢险开通方案；王承启副局长带领人员直赴现场。2、立即拦截列车。3、烟台市委市政府主要领导赶赴现场，并安排车辆将可以回家的260多名旅客疏散，并组织宾馆饭店为抢险人员和列车旅客送来600多份盒饭早餐。4、路分局领导很快就确定了“接拨线路，启用新线”的抢修方案。青岛工务段组织两个线路领工区及机械化施工队赶赴现场；蓝烟复线指挥部、工程总公司、中铁十二局等施工单位、电务部门及时参与恢复通车工作。,连降暴雨--突发洪水--铁路桥桥墩倾斜--桥梁坍塌,未知,未知
8.22江西宜春贾溪桥坍塌事故,梁式桥,钢筋混凝土桥,桥面,夏,晚上,华东区域,江西宜春,乡镇,水利事故,洪水,坍塌,2013年8月22日,江西省宜春市袁州区温汤镇社埠村,1、村委会联系了相关技术部门和专业人员到现场，冒雨铺桥面、扎护栏架，搭建一座临时的简易桥供行人及小型车辆通行。2、修建新桥。,连降大雨--降雨引发山洪--桥梁被冲毁,未知,未知
3.21广东韶关张滩武水桥船撞事故,梁式桥,钢筋混凝土桥,桥墩,春,晚上,华南区域,广东乐昌,县级市,碰撞事故,船只碰撞,坍塌,2016年3月21日,广东省韶关市乐昌市武江河,1、事故发生后，当地政府部门组织了交通、海事、安监、公安等部门人员赶赴现场开展应对处置工作，并会同国家防总工作组以及广东省三防、海事、航道、打捞、广铁集团等部门的专家团队对现场进行勘测，研究制定安全有效的处置方案。2、经多方会商，乐昌市采取应急措施，在现场设置照明，安排乐昌桥隧、线路车间人员24小时现场值守，监控桥梁及线路设备是否出现变化。3、市政府组织坪石、大源、长来、乐城等镇(街道)的工作人员对武江河沿线船只进行排查，以防再次发生沿线停靠船只被洪水冲走的现象。,连日暴雨--河水暴涨--船舶失控--撞击桥梁,未知,未知
9.13四川德阳连山大桥桥面下陷事故,梁式桥,钢筋混凝土桥,桥墩,秋,中午,西南区域,四川德阳,乡镇,水利事故,洪水,严重损伤,2009年9月13日,四川省德阳市广汉市连山镇,1、广汉市相关领导和交通、水利、安监等部门迅速赶到了现场。2、整体封闭桥梁，禁止一切人、车通行。3、在连山大桥下游300余米处建设一座新桥。,连日暴雨--河水暴涨--河床松动--桥墩下陷--桥面下陷,未知,未知
6.11安徽池州杜坞大桥船撞事故,梁式桥,钢筋混凝土桥,桥梁附属结构物,春,上午,华东区域,安徽池州,地级市,碰撞事故,船只碰撞,轻微损伤,2011年6月11日,安徽省池州市,1、池州市交通、公安等各部门紧急赶赴现场排险。2、在保证安全的情况下分批放行行人与单车。,连日的暴雨--桥下秋浦河水猛涨--6艘大小船先后撞上桥梁--大桥部分护栏被损毁，六条通信光缆被撞断。,未知,未知
3.21广东韶关百旺大桥船撞事故,梁式桥,钢筋混凝土桥,桥墩,春,早晨,华南区域,广东韶关,地级市,碰撞事故,船只碰撞,轻微损伤,2016年3月21日,广东省韶关市区,1、韶关市公安、城管部门对百旺大桥实行了全封闭交通管制。2、经过会商讨论，制定了对失控撞上百旺大桥的事故船只清理方案，水务、海事等部门依法对事故船只进行紧急处置，于23日组织打捞公司进入现场进行清理。,连日降雨--水位上涨--船舶失控--撞上桥梁,未知,未知
8.19四川成都通济桥坍塌事故,拱式桥,圬工桥,桥面,夏,下午,西南区域,四川成都,省会城市,水利事故,洪水,坍塌,2010年8月19日,四川省成都市双流区华阳街道,1、险情发生后，华阳街办、消防、建设、水务等多个部门迅速赶到现场，并做了临时交通管制。2、河堤两边派专人通宵监控情况。择期再使用合适的方式人工拆除残留桥体。,连日降雨天气--府河华阳段河水上涨--冲断桥梁,未知,未知
4.11贵州从江国道恰里二桥坍塌事故,梁式桥,钢筋混凝土桥,桥面,春,上午,西南区域,贵州从江,乡镇,水利事故,冲刷,坍塌,2009年4月11日,贵州省从江县境下江镇321国道,1、险情发生后，从江公路管理段和当地政府部门到现场进行实地勘查和制定应急预案。2、公路部门及时勘察情况，开始修复工。,连日雨水侵蚀--桥梁损伤--车辆超负荷碾压--桥梁坍塌,未知,未知
7.2湖北孝感白沙大桥坍塌事故 ,梁式桥,钢筋混凝土桥,桥墩,夏,晚上,华中区域,湖北孝感,乡镇,水利事故,冲刷,坍塌,2009年7月2日,湖北省孝感市孝昌县白沙镇,1、白沙镇党委书记胡安林、镇长高延舟和孝昌县交通局局长及派出所民警迅速赶到现场，在大桥两端堆上黄沙堆并竖起警示牌，禁止所有车辆和行人通过。2、相关专家对桥墩进行观察评估。3、当地政府部门组织乡镇干部及派出所民警整夜值守，并开始对断裂桥面进行修复。,连下大雨--河水位上涨、水流量加大--附近河面挖沙严重--桥墩周围根基被挖空--雨水冲刷--桥基下沉,未知,未知
8.20陕西汉中黄沙河大桥坍塌事故,梁式桥,钢筋混凝土桥,桥拱,夏,上午,西北区域,陕西汉中,乡镇,水利事故,洪水,坍塌,2009年8月20日, 陕西省汉中市勉县黄沙镇,1、勉县交通局已经紧急封闭了黄沙河大桥两端交通，并在桥头用水泥和砖砌了挡墙以防发生意外事故。,连续暴雨--洪水冲击--桥梁坍塌,未知,未知
8.17四川雅安八牌大桥坍塌事故,梁式桥,钢筋混凝土桥,桥墩,夏,早晨,西南区域,四川雅安,乡镇,水利事故,洪水,坍塌,2009年8月17日,四川省雅安市石棉县迎政乡,1、雅安市、石棉县等交通部门领导高度重视，立即赶赴现场进行实地查看后，积极研究出六大处置措施，以确保国道108线交通中断后绕行的交通安全。2、汉源、石棉两县公安交警强化路面控制，对过往车辆进行限速40km/h。3、两县路政中队加强巡查，及时清除路障。4、两县公路养护段提前介入，按公路养护规范对上述路段实施全面管养。5、市(县)运管处(所)和沿线各乡镇对辖区内客货运输车辆、农用车、摩托车驾驶员实行安全教育，要求辖区内客货运输车辆、农用车、摩托车严格依照交通安全法规行驶。6、库区公路复建工程指挥部敦促施工单位，在自己的施工路段设置警示标志，配备足够安全保通人员，管理施工路段的通行和安全；对未实施安全设施施工的危险路段，设置临时警示标志，引导车辆行驶；同时抓紧各项未完工程的施工，确保按计划完成工程建设任务。7、设置临时应急绕行公示牌，对过往应急临时启用路段的车辆进行安全警示。,连续大雨--发生泥石流--冲毁大桥,未知,未知
9.25山西运城南河桥坍塌事故,梁式桥,钢筋混凝土桥,桥面,秋,晚上,华北区域,山西运城,乡镇,水利事故,洪水,坍塌,2021年9月25日,山西运城市垣曲县长直乡长直村,1、长直乡政府派出应急小组，对全乡人员及房屋进行逐一排查。,连续多天降雨--突发洪水--桥梁被冲毁,未知,未知
7.9江西宜春秀江人行钢桥坍塌事故,梁式桥,钢桥,桥面,夏,下午,华东区域,江西宜春,地级市,水利事故,洪水,坍塌,2019年7月9日,江西省宜春市秀江,"1、有关部门当即采取措施，对钢便桥实施了封闭，并安排了人员进行24小时值守。
",连续降雨--洪水冲毁桥梁,未知,未知
7.4江西鹰潭文坊镇桥坍塌事故,梁式桥,钢筋混凝土桥,桥墩,夏,下午,华东区域,江西鹰潭,乡镇,水利事故,洪水,坍塌,2019年7月4日,江西省鹰潭市贵溪文坊镇,未知,连续降雨--洪水冲毁桥梁,未知,未知
9.30广东旧神岗大桥坍塌事故,拱式桥,圬工桥,桥面,秋,下午,华南区域,广东从化,乡镇,水利事故,洪水,坍塌,2020年9月30日,广东省从化市神岗镇,1、公路部门组织有关人员增设交通标志，疏导车辆绕道而行。,连夜大暴雨--流溪河水位暴涨--栏杆下沉变形--桥墩下沉--桥面出现裂缝--大桥整体下沉坍塌,未知,未知
3.16湖北武汉长丰桥车辆侧翻事故,梁式桥,钢筋混凝土桥,桥面,春,下午,华中区域,湖北武汉,省会城市,碰撞事故,汽车碰撞,中度损伤,2021年3月16日,湖北省武汉市三环线,1、事故发生后，当地城运公司第一时间向交管、城管、应急管理等部门进行了报告。2、交管部门到达现场后采取临时交通管制措施将该路段封闭。3、公安机关控制车辆驾驶员。,满载砂石的货车--在桥上发生侧翻--桥梁一根架梁受损,未知,未知
1.3山东济南东郊黄河浮桥断裂事故,浮桥,钢筋混凝土桥,桥面,冬,凌晨,华东区域,山东济南,省会城市,过载事故,超载,坍塌,2012年1月3日,山东省济南市东郊,1、相关部门采取多项措施加紧对货车实施救援和浮桥修复。,满载石料货车通行浮桥--后侧货车在桥面上超车--浮桥板面不堪重负--断裂下沉--2车坠黄河,未知,未知
10.19甘肃立交桥坍塌事故,梁式桥,钢筋混凝土桥,桥面,秋,晚上,西北区域,甘肃临夏,县级市,过载事故,超载,坍塌,2009年10月19日,甘肃省临夏市南木路,1、交通部门制作两块警示牌立在路边。2、交通管制，禁止通行。,年久失修，立交桥涵中间的一处预制板出现塌陷--超载翻斗卡车驶过--桥面预制板坍塌--卡车侧翻于路面,未知,未知
5.9广东成塘径拱桥事故,拱式桥,钢筋混凝土桥,桥索,春,凌晨,华南区域,广东河源,乡镇,水利事故,洪水,严重损伤,2014年5月9日,广东河源市龙川县丰稔镇,1、灾情发生后，龙川县委县政府高度重视，当地政立即组织相关部门于当天凌晨连夜赶赴现场指挥抢险和启动应急预案。2、在该桥路段设置警示标志和警戒线，对道路桥梁实行封闭，安排专人现场值班看守，禁止车辆行人通过。3、向广东省交通、公路部门汇报，请求派出专家到事发地对桥梁进行安全鉴定。,普降暴雨，溪流高涨--拱桥桥墩基础下沉--第二跨、第三跨拱圈开裂--封锁桥梁，禁止通行,未知,未知
8.12江西赣州蕉田大桥坍塌事故,拱式桥,圬工桥,桥面,夏,晚上,华东区域,江西赣州,乡镇,水利事故,洪水,坍塌,2014年8月12日,江西省赣州市兴国县埠头乡,1、交通局在危桥设置警示标志。,普降暴雨--河水猛涨--冲毁危桥,未知,未知
8.14四川乐山青衣江旧大桥坍塌事故,梁式桥,钢筋混凝土桥,桥墩,夏,下午,西南区域,四川乐山,县级市,水利事故,洪水,坍塌,2010年8月14日,四川省乐山市夹江县成昆铁路夹江段,1、灾情发生后，夹江县委、县政府高度重视，立即启动应急预案。2、十多个部门第一时间赶往现场，查看险情，指挥疏散过往大桥的群众，组织封锁断裂大桥，并立即向成都铁路局报告情况。,普降暴雨--青衣江流域水位猛涨--发生洪水--冲断大桥,未知,未知
8.13辽宁抚顺南杂木大桥坍塌事故,梁式桥,钢筋混凝土桥,桥面,夏,下午,东北区域,辽宁大连,县级市,水利事故,洪水,坍塌,2005年8月13日,辽宁省抚顺市清原满族自治县,1、事情发生后，当地交通部门派人专门值守，防止车辆和行人落水。2、立即展开救援行动，将被救人员送往医院。3、辽宁省交通厅主要领导赶赴现场组织抢险救援。,普降大到暴雨--大桥被洪水冲毁--一台货车落入水中,未知,未知
11.19广东东苑桥受损事故,梁式桥,钢筋混凝土桥,桥面,秋,下午,华南区域,广东广州,省会城市,其他事故,高温受热膨胀,轻微损伤,2007年11月19日,广东省广州市黄埔区,1、黄埔区交通部门当即在通往该大桥的两个十字路口处布置警力，告知通往该大桥的车辆打转绕道而行。2、黄埔区有关政府部门和桥梁专家也相继到场调查。,气温升高--桥面的铺装层拱起变形--局部断裂,未知,未知
7.28四川绵阳八角人行天桥车撞事故,梁式桥,钢筋混凝土桥,桥面,夏,下午,西南区域,四川绵阳,地级市,碰撞事故,汽车碰撞,严重损伤,2019年7月28日,四川省绵阳市二环路,1、封闭天桥，由专业机构实施全面检测。2、肇事车辆已被扣留，正按照事故程序处理。,汽车超高--碰撞天桥,未知,未知
9.10浙江丽水徐岸大桥坍塌事故,梁式桥,钢筋混凝土桥,桥面,秋,晚上,华东区域,浙江丽水,乡镇,水利事故,冲刷,坍塌,2012年9月10日,浙江省丽水市青田县高湖镇,1、桥头两端已经被砖块堵住，警方在两端拉起了警戒线，不让任何人进入桥体。,强降雨--水位暴涨--冲刷桥梁--桥面坍塌,未知,未知
7.11江西吉安白鹭洲拱桥船撞事故,拱式桥,钢筋混凝土桥,桥墩,夏,凌晨,华东区域,江西吉安,地级市,碰撞事故,船只碰撞,中度损伤,2020年7月11日,江西省吉安市吉州区,1、吉安市消防救援支队接到市政府总值班室增援指令，迅速调集吉州区大队、特勤消防站8车58人赶赴现场，与公安、应急、交警、海事、教育、城管等部门联合开展救援。2、现场指挥部掌握了相关情况之后，立即研究商讨处置方案，决定由消防救援支队安排攻坚组利用绳索将船头船尾与桥墩固定，防止采砂船因水流的冲击而导致船只侧翻或再次撞击桥墩的事故发生。3、在确定除险方案的同时，救援的准备工作紧急进行，船只、绳索、车辆等物资陆续到位，各个小组分别对各项任务进行分解，重点对事故船只通过绳索固定在左右两个桥墩上，防止事故船只漂移。经过近40分钟的高强度作业，固定任务顺利地完成，现场指挥部决定开始开展切割作业。,强降雨--水位上升--采砂船脱锚--撞上桥梁,未知,未知
7.9广西河池驯乐乡板果桥受损事故,梁式桥,钢筋混凝土桥,桥墩,夏,早晨,华南区域,广西河池,乡镇,水利事故,洪水,严重损伤,2019年7月9日,广西省河池市环江毛南族自治县驯乐乡,1、险情发生后，我乡立即采取应急处置，在桥两边设置警戒线和警戒牌，对桥面实行限制通行石墩，并与县相关部门沟通，召开专题协调会。,强降雨影响--水位上升--洪水冲刷--冲毁桥墩,未知,未知
9.11重庆涪陵斜阳溪大桥垮塌事故,梁式桥,钢筋混凝土桥,桥面,秋,晚上,西南区域,重庆涪陵,直辖市,疲劳事故,疲劳,坍塌,2000年9月11日,重庆市涪陵区国道319线,1、事故发生后，武汉至重庆的国家一级光缆汉渝线中断，当晚11时许，涪陵长途传输局已连夜在抢修。2、涪陵区委、区政府、区公安分局主要领导也连夜赶到现场组织抢险和抢修。,桥梁负载--年久失修--坍塌,未知,未知
5.30河北邢台王庄桥坍塌事故,梁式桥,圬工桥,桥墩,春,早晨,华北区域,河北邢台,乡镇,水利事故,冲刷,坍塌,2013年5月30日,河北省邢台市任县辛店镇曹庄村,1、交通局设计桥梁图纸，保证新桥梁在9月底开工建设。,桥梁年久失修，基础埋深过浅--引黄西线调水工程试通水--桥中墩基础位移--桥面坍塌,未知,未知
8.12内蒙古呼和浩特跨水磨沟桥坍塌事故,梁式桥,钢筋混凝土桥,桥面,夏,晚上,华北区域,内蒙古呼和浩特,地级市,疲劳事故,疲劳,坍塌,2013年8月12日,内蒙古呼和浩特土左旗110国道毕克齐段五里坡,1、立即执行交通管制。2、施工车辆及人员在垮塌大桥的旁边推土施工，尽快修复桥梁。,桥梁年久失修--发生坍塌,未知,未知
3.20山东滨州邢家村东侧桥梁坍塌事故,梁式桥,钢筋混凝土桥,桥面,春,晚上,华东区域,山东滨州,乡镇,疲劳事故,疲劳,坍塌,2020年3月20日,山东滨州市滨城区里则街道邢家村,1、办事处及社区负责人第一时间到达现场参与救援。2、区办水利技术人员及路桥专家到现场，调查桥梁坍塌原因。,桥梁年久失修--发生坍塌,未知,未知
7.13湖南株洲走沙港桥受损事故,拱式桥,钢筋混凝土桥,桥面,夏,中午,华中区域,湖南株洲,乡镇,疲劳事故,疲劳,坍塌,2019年7月13日,湖南株洲田心村,1、石峰区相关部门负责人召开现场处置会议，要求在防汛期间对该险情桥梁实行全封闭，禁止一切车辆行人通行。2、由云龙示范区国土建设部和石峰区交通运输局组织专业人员24小时无间断对桥梁位移及沉降观测监控。3、待洪水消退，市交通质安监督处将派出专业人员对险情桥梁进行全面检测，判断桥梁损伤程度，及时确定维修加固或者拆除重建方案，彻底解决这一重大安全隐患。,桥梁年久失修--洪水冲刷--车辆负载--桥台位移--桥面裂缝,未知,未知
7.11江苏盐城通榆河桥坍塌事故,梁式桥,预应力混凝土桥,桥面,夏,凌晨,华东区域,江苏盐城,地级市,疲劳事故,疲劳,坍塌,2011年7月11日,江苏省盐城市境内328省道,1、事故发生后，当地党委、政府高度重视，分管领导和安监、交通、公安、水利等相关部门负责人第一时间赶赴现场处置，并成立调查组，做好善后工作。2、为了防止车辆通过，交警和路政部门已经设置路障提醒过往的车辆绕道而行，工人们正在用砖头切成围墙，来阻止过往的行人和车辆通过。,桥梁年久失修--货车通行--桥梁坍塌--货车落水,未知,未知
4.19湖北恩施罗连溪大桥坍塌事件,拱式桥,圬工桥,桥面,春,下午,华中区域,湖北恩施,乡镇,疲劳事故,疲劳,坍塌,2002年4月19日,湖北省恩施自治州巴东县沿渡河镇界河村,未知,桥梁年久失修--连降大雨--大桥垮塌--交通中断,未知,未知
12.18湖北武汉木兰老桥垮塌事故,梁式桥,钢筋混凝土桥,桥面,冬,下午,华中区域,湖北武汉,省会城市,疲劳事故,疲劳,坍塌,2004年12月8日,湖北省武汉市黄陂区,未知,桥梁年久失修--汽车驶过--桥身坍塌,未知,未知
5.9江西上饶傍罗大桥坍塌事故,拱式桥,圬工桥,桥面,春,中午,华东区域,江西上饶,县级市,疲劳事故,疲劳,坍塌,2007年5月9日,江西省上饶市铅山县,1、桥两头用麻绳等物拦住，提醒过往人员不要通行。,桥梁年久失修--桥面开裂--桥梁坍塌,未知,未知
7.22湖北荆州济汉桥塌陷事故,梁式桥,钢筋混凝土桥,桥面,夏,晚上,华中区域,湖北荆州,地级市,疲劳事故,疲劳,坍塌,2019年7月22日,湖北省荆州市207国道引江,1、中心立即向相关主要分管领导汇报，同时通知辖区中队到场勘查险情，实行先期封闭改道绕行措施。2、协同公路部门对大桥全段采取全封闭措施，禁止所有车辆及行人通行。3、荆州交管部门联合荆州大道建设方、荆州市住建局等相关政府部门负责人，在荆州车管所召开紧急会议，协调解决办法及绕行改道措施。,桥梁年久失修--桥面塌陷,未知,未知
11.13陕西安康阴沟河石拱桥坍塌事故,拱式桥,圬工桥,桥面,秋,凌晨,西北区域,陕西安康,乡镇,疲劳事故,疲劳,坍塌,2011年11月13日,陕西省安康市平利县兴隆镇平旬路,1、事故发生后，平利县交通局派人赶到了现场，在桥的两侧临时用推土机挖了两堆土把桥两头的路堵上，防止有车冲到桥跟前发生意外。2、制定方案抢修便道。,桥梁年久失修--坍塌--3万人交通中断,未知,未知
1.26浙江嘉兴冯介木桥坍塌事故,梁式桥,钢筋混凝土桥,桥面,冬,晚上,华东区域,浙江嘉兴,乡镇,疲劳事故,疲劳,坍塌,2010年1月26日,浙江省嘉兴市桐乡凤鸣街李家弄村,1、桐乡市交通、海事、港航和公安部门有关负责人都赶到了现场处置事故。2、当地交通部门找来了工人将塌桥两端用砖墙彻底封死，不再允许村民靠近断桥，以免发生意外。,桥梁年久失修--坍塌--压在货船中部,未知,未知
10.11湖北咸宁马家湾桥垮塌事故,梁式桥,钢筋混凝土桥,桥台,秋,晚上,华中区域,湖北咸宁,县级市,疲劳事故,疲劳,坍塌,2015年10月11日,湖北省咸宁市赤壁市107国道,1、桥梁发生坍塌后，省公路局、咸宁市交通公路部门、技术专家及赤壁市政府负责人第一时间赶赴现场，对坍塌原因进行调查并指导地方公路部门紧急应对处理，及时启动应急预案，组织信息和通告发布，采取多项措施保安全、畅通。1、是现场实施交通管制。3、是拟定车辆绕行方案。4、是启动桥梁修复工作应急程序。5、是省公路局要求全省各地交通公路部门对国省干线所有桥梁进行专项安全检查，排除安全隐患。,桥梁设计标准偏低--长期超限超载--南侧桥台坍塌,未知,未知
8.17江苏徐州丁楼河桥坍塌事故,梁式桥,钢筋混凝土桥,桥面,夏,下午,华东区域,江苏徐州,乡镇,过载事故,超载,坍塌,2014年8月17日,江苏省徐州市丰县王沟镇赵楼村,1、事发后，该镇党委、政府迅速与交警部门派人赶往事发现场，四周拉起安全警戒线，组织人力清理现场。2、该镇党委、政府决定由一名分管副镇长牵头负责处理此事，责令肇事者尽快联系施工队修桥。3、镇政府积极联合交警、交通部门派人参与修桥给予业务指导，确保桥修好后能保证限制载重吨数内的车辆经过时不会发生意外。5、积极筹备资金，尽快对该危桥进行重新修建，确保广大群众的安全。,桥梁受损严重--车辆严重超载--经过桥梁--压塌桥面--桥梁坍塌,未知,未知
3.15江苏徐州田河桥桥面塌陷事故,梁式桥,钢筋混凝土桥,桥面,春,上午,华东区域,江苏徐州,乡镇,疲劳事故,疲劳,严重损伤,2011年3月15日,江苏省徐州睢宁县魏集镇东朱村,1、桥两端都竖起标有“前方危险塌陷，注意安全”的警示牌。2、向上级部门反映，及时进行修理。,桥梁长期负载疲劳--桥面塌陷,未知,未知
7.23湖北荆门大路港桥坍塌事故,拱式桥,钢筋混凝土桥,桥面,夏,中午,华中区域,湖北荆门,乡镇,疲劳事故,疲劳,坍塌,2004年7月23日,湖北荆门市沙洋县官当镇,1、荆门市沙洋县交通部门迅速调集吊车、货车和推土机，在官当镇大路港桥翼侧搭建辅桥，以确保交通早日恢复。,桥面长期超负荷载重--桥梁受损严重--雨水长期冲刷--桥底基础受损--大桥坍塌,未知,未知
4.23山东日照两河桥坍塌事故,梁式桥,钢筋混凝土桥,桥面,春,早晨,华东区域,山东日照,乡镇,疲劳事故,疲劳,坍塌,2012年4月23日,山东省日照市河山镇两河路,未知,桥面长期重负--车辆路过--压断桥梁,未知,未知
9.15甘肃定西阳坡桥坍塌事故,梁式桥,钢筋混凝土桥,桥面,秋,凌晨,西北区域,甘肃定西,乡镇,水利事故,洪水,坍塌,2019年9月15日,甘肃省定西市通渭县常河镇小庄村,1、通渭县公安局、通渭县交通运输局对中断路段实施交通管制。,山体滑坡--压垮桥梁--交通中断,未知,未知
6.14广东东江大桥坍塌事故,拱式桥,钢筋混凝土桥,桥面,夏,下午,华南区域,广东河源,地级市,水利事故,洪水,坍塌,2019年6月14日,广东省河源市源城区,1、事故发生后，河源市相关部门赶到现场，河源市水上派出所、海事部门等救援力量在河上全力开展搜救。河源矿山救援队的救援力量也到达现场，共同开展搜救工作。2、河源市委、市政府现场成立独立事故处理工作组，由当地公安消防公路等相关职能部门共同组成。,上游枫树坝水库连日泄洪--水流对拱脚的冲刷、漂流物撞击--浸水后拱脚混凝土的强度降低--拱圈强度不足--大桥垮塌,未知,未知
7.25陕西商洛大商塬村大桥开裂事故,梁式桥,钢筋混凝土桥,桥面,夏,晚上,西北区域,陕西商洛,乡镇,其他事故,高温受热膨胀,严重损伤,2011年7月25日,陕西市商洛市商州区黑龙口镇312国道大商塬村,1、当地有关部门已经用横杆挡在桥的两边，并加上了禁行标识。,施工失误--锯末高温天气受热膨胀--大桥爆裂,未知,未知
1.29广东湛江江心岛大船撞事故,梁式桥,钢筋混凝土桥,桥面,冬,清晨,华南区域,广东湛江,县级市,碰撞事故,船只碰撞,严重损伤,2016年1月29日,广东省湛江市吴川市梅菉城区,1、封闭桥梁，禁止通行。2、请专业机构对桥梁损坏程度进行鉴定。,水流湍急--船舶失控--撞击桥梁,未知,未知
6.18天津彭元庄村砖石桥坍塌事故,梁式桥,钢筋混凝土桥,桥面,夏,上午,华北区域,天津宝坻,乡镇,疲劳事故,疲劳,坍塌,2014年6月18日,天津市宝坻区大白庄镇彭元庄村,1、消防宝坻支队九园中队、交管、公安等部门的救援人员接警后立即赶往现场。2、消防员立即用水枪对泄漏的油品进行喷水稀释。同时消防员用起重气垫、液压救援顶杆和扩张器对驾驶室进行扩张。消防员不停地对被困司机进行安抚，并为他采取急救措施。经过一个多小时的努力，被困司机被成功救出。,水泥罐车行驶--路过桥梁--桥梁坍塌,未知,未知
8.22湖北武汉汉江二桥船撞事故,梁式桥,钢筋混凝土桥,桥墩,夏,上午,华中区域,湖北武汉,省会城市,碰撞事故,船只碰撞,轻微损伤,2002年8月22日,湖北省武汉市,1、武汉地方海事部门闻讯后，迅速调集6艘快艇对船只进行拦截。2、调用大型航道船，将沙驳船逆流推行，一直推至二桥桥下10多米处进行固定。,水位上涨--船只失控--漂流而下--碰撞桥梁,未知,未知
9.16陕西安康罗羌湾大桥坍塌事故,梁式桥,钢筋混凝土桥,桥面,秋,上午,西北区域,陕西安康,乡镇,其他事故,塌方,坍塌,2014年9月16日,陕西省安康市安沟村隧道北口西康高速路段,1、省委书记赵正永途经此处得知情况后，立即指挥抢险工作。2、安康市公安局高速公路交通警察大队派出大量警力参与现场交通秩序维持和群众疏散，并将停靠在安康北服务区的80余辆车劝返。,隧道北口塌方--落石掉落--压塌大桥,未知,未知
9.22江苏南通船撞陆岛通道管线桥事故,梁式桥,钢筋混凝土桥,桥墩,秋,凌晨,华东区域,江苏南通,地级市,碰撞事故,船只碰撞,坍塌 ,2019年9月22日,江苏省南通市南通港洋口港区,1、南通市水上搜救中心领导立即赶赴如东洋口港，现场指挥应急处置工作。2、触碰事故发生后，交通运输部李小鹏部长、刘小明副部长高度重视，对险情处置工作立即部署、明确要求。3、江苏省水上搜救中心立即成立了应急指挥部，启动二级应急响应。4、南通市水上搜救中心迅速成立了“9-22”事故应急处置指挥部，如东县成立了现场应急处置指挥部，指挥协调现场应急处置工作，并成立管道泄压安全组、安全警戒组等8个专门工作小组。5、现场应急处置指挥部根据交通部、省水上搜救中心指示，迅速组织LNG储运、通航管理、危防管理、消防管理、环保管理、水务管理、气象管理、拖轮管理、港口工程等方面的专家，成立现场应急处置专家组，先后组织召开8次协调会，4次专家论证会，全面研究梳理风险点及困难点，科学制定处置方案和应急预案。,台风来临--船位移动--座滩掏浅--发生碰撞,未知,未知
8.11浙江湖州市乌象坝石拱大桥坍塌事故,拱式桥,圬工桥,桥面,夏,凌晨,华东区域,浙江湖州,乡镇,水利事故,洪水,坍塌,2009年8月11日,浙江省湖州市递铺镇,1、召开技术交底会议，通过专家会审，达成了两项抢修方案。2、对已冲空桥墩承台采用C25砼在外侧包裹，进行保护。3、在乌象大桥下游新建乌象桥下坝，防止因河道下切加深造成桥墩基础被冲空而影响大桥的安全。,台风来袭--引发洪水--冲毁桥梁,未知,未知
8.14浙江丽水船埠头大桥塌陷事故,梁式桥,钢筋混凝土桥,桥面,夏,中午,华东区域,浙江丽水,县级市,水利事故,冲刷,坍塌,2012年8月14日,浙江省丽水市缙云县,1、施工人员正在加紧时间进行封道抢修，请过往舒洪、台州、大洋、永嘉方向的车辆和行人绕道S219省道往周村平黄线行走。,台风影响--大水冲刷--桥面坍陷,未知,未知
9.15福建泉州东关桥坍塌事故 ,梁式桥,木桥,桥墩,秋,上午,华东区域,福建泉州,县级市,水利事故,洪水,坍塌,2016年9月15日,福建省泉州市永春县,"1、事发后,永春县高度重视,相关部门立即组织专家对廊桥受损情况和廊桥安全评估进行现场走访调查。2、桥墩被冲走或者松动的地方，需要灌浆或做铁箍圈住。3、桥头的挡土墙需要修复。4、永春县启动东关桥重修工作。",台风影响--普降大雨--突发洪水--桥梁被冲段,未知,未知
5.23广东增城区东门桥坍塌事故,梁式桥,钢筋混凝土桥,桥墩,春,晚上,华南区域,广东广州,省会城市,水利事故,洪水,坍塌,2014年5月23日,广东省广州市增城区,1、当地建设局接报后立即组织抢险。2、东门桥分别由荔城街、增江街两端进行全线封锁，拉上警戒线，安排工作人员通宵值守，技术人员严密监测桥身的安全。,特大暴雨--桥墩出现下陷、桥面有开裂现象--组织救灾--持续洪峰，桥墩侧移--大桥坍塌,未知,未知
8.2四川绵阳黄土大桥坍塌事故,拱式桥,钢筋混凝土桥,桥面,夏,凌晨,西南区域,四川绵阳,乡镇,水利事故,洪水,坍塌,2010年8月2日,四川省绵阳市安县黄土镇,1、当地政府在桥两侧作了警示标志和车辆绕行标志，禁止通行。2、桥头砌起了一道墙，阻止人们前往，以防出现事故。3、安县政府派出了两辆消防车，每天两次免费向右岸民众送水。4、电信部门正在架设过江光缆，尽快恢复电话网络等。,特大暴雨--水位暴涨--冲塌大桥,未知,未知
8.19四川绵阳先林大桥坍塌事故,拱式桥,钢筋混凝土桥,桥面,夏,上午,西南区域,四川绵阳,乡镇,水利事故,洪水,坍塌,2010年8月19日,四川省绵阳市安县花荄镇,1、当地相关部门在桥的两岸设置2米高的挡墙和醒目标志，禁止一切人员、车辆通行。,特大暴雨--水位暴涨--冲塌大桥,未知,未知
7.9四川绵竹绵远河牛鼻子大桥垮塌事故,梁式桥,钢筋混凝土桥,桥面,夏,清晨,西南区域,四川绵竹,乡镇,水利事故,洪水,坍塌,2013年7月9日,四川省绵竹市汉旺镇绵远河,未知,特大暴雨--水位高涨--引发山体滑坡，泥石流--冲毁大桥,未知,未知
7.9四川绵竹人民渠跨干河子大桥坍塌事故,梁式桥,钢筋混凝土桥,桥面,夏,清晨,西南区域,四川绵竹,乡镇,水利事故,洪水,坍塌,2013年7月9日,四川省绵竹市板桥镇海江村,未知,特大暴雨--水位高涨--引发山体滑坡，泥石流--冲毁大桥,未知,未知
7.9四川绵竹兴隆拱星大桥垮塌事故,梁式桥,钢筋混凝土桥,桥面,夏,清晨,西南区域,四川绵竹,乡镇,水利事故,洪水,坍塌,2013年7月9日,四川省绵竹市兴隆镇,未知,特大暴雨--水位高涨--引发山体滑坡，泥石流--冲毁大桥,未知,未知
8.19四川广汉石亭江铁路大桥坍塌事故,梁式桥,钢筋混凝土桥,桥墩,夏,下午,西南区域,四川德阳,乡镇,水利事故,洪水,坍塌,2010年8月19日,四川省德阳市广汉市小汉乡方备村,1、民警、村干部、村民和铁路工作人员迅速来到现场，参与紧急救援。,特大洪水--冲毁桥梁桥墩--大桥倾斜--列车脱线,未知,未知
8.19四川成都驭虹桥坍塌事故,拱式桥,圬工桥,桥墩,夏,上午,西南区域,四川成都,县级市,水利事故,洪水,坍塌,2010年8月19日,四川省成都市蒲江县,1、召集专家进行重建方案讨论，立即进行重建工作。,特大洪水--冲毁桥梁桥墩--桥面坍塌,未知,未知
5.30广东肇庆七星岩大桥下沉事故,梁式桥,钢筋混凝土桥,桥墩,春,下午,华南区域,广东肇庆,地级市,水利事故,洪水,严重损伤,2018年5月30日,广东省肇庆市,1、星湖管理局领导和七星岩管理处领导迅速赶往现场指挥，立即启动应急预案，疏散市民游客，并研究应对措施。2、发布通告封闭大桥。,天降暴雨--洪水冲刷--桥梁栏杆坍塌--桥身变形--桥梁下沉,未知,未知
7.10湖南衡阳洋塘河坝水电站桥船撞事故,梁式桥,钢筋混凝土桥,桥面,夏,上午,华中区域,湖南衡阳,县级市,碰撞事故,船只碰撞,基本完好,2019年7月10日,湖南省衡阳市衡东县洋塘河,1、衡东县委、县政府已经启动特大险情应急预案，采取紧急处置措施，疏散人员，派专人值守观测，设立安全警戒线。2、封锁河坝路段和桥梁。,天降暴雨--货船失控--撞击桥面,未知,未知
7.19甘肃旧八里大桥坍塌事故,拱式桥,圬工桥,桥墩,夏,上午,西北区域,甘肃平凉,乡镇,水利事故,洪水,坍塌,2013年7月19日,甘肃省平凉市崆峒区柳湖乡,1、立即启动公路灾害应急预案，组织人员及机械迅速赶赴抗洪抢险一线。2、对桥梁两侧交通进行了全封闭，并迅速制定了抢修方案。,天降暴雨--崆峒水库加大泄洪量--泾河水位快速上涨--老八里桥不堪重负--桥墩基础淘空外露--桥梁垮塌,未知,未知
7.8广东陆丰洗渔溪大桥坍塌事故,拱式桥,钢筋混凝土桥,桥面,夏,下午,华南区域,广东陆丰,县级市,水利事故,洪水,坍塌,2008年7月8日,广东省陆丰县市区,1、事发后半个小时，陆丰市公路局领导已经抵达现场召开现场会。2、汕尾市委书记戎铁文、陆丰市委市政府的主要领导都到达了事故现场指导部署。3、立即展开搜救工作。4、汕尾市展开了对全市道路桥梁的全面检查。,天降暴雨--水位上涨--大桥倒塌,未知,未知
9.13陕西汉中西关旧桥开裂事故,梁式桥,钢筋混凝土桥,桥台,秋,晚上,西北区域,陕西汉中,县级市,水利事故,冲刷,严重损伤,2019年9月13日,陕西省汉中市洋县,1、封闭桥梁，禁止行人和车辆通行。,天降大雨--河水暴涨--桥体开裂,未知,未知
10.8浙江湖州龙翔路大桥船撞事故,梁式桥,钢筋混凝土桥,桥面,秋,早晨,华东区域,浙江湖州,乡镇,碰撞事故,船只碰撞,严重损伤,2013年10月8日,浙江省湖州市安吉县梅溪镇,1、安吉县消防、交通等救援人员到达现场，对船体和桥身进行加固。2、禁止行人和机动车通行。,天降大雨--河水暴涨--上游河道船舶被冲下--撞上桥梁--桥身移位,未知,未知
7.7甘肃敦煌莫高窟窟前大桥坍塌事故,梁式桥,钢筋混凝土桥,桥面,夏,上午,西北区域,甘肃敦煌,县级市,水利事故,洪水,坍塌,2019年7月7日,甘肃省敦煌市莫高窟,1、正在全力抢修。,天降大雨--洪水袭来--大桥冲毁--交通中断,未知,未知
8.12四川绵竹幸福大桥坍塌事故,梁式桥,钢筋混凝土桥,桥面,夏,晚上,西南区域,四川绵阳,乡镇,水利事故,洪水,坍塌,2010年8月12日,四川省绵竹市清平乡,1、四川省委、省政府高度重视，要求全力以赴组织救灾，搜救失踪人员，救治受伤人员，安排好群众生活。2、绵竹市正对全市灾情进行进一步的核实，加大力度对地质灾害、病险水库等隐患点进行拉网式排查，并24小时做好监控和排查。3、进一步加大救援投入力度，搞好生活物资调配，妥善处置遇难人员善后工作。4、积极进行通讯、电力、供水等的恢复抢修，力争最短时间抢通“生命通道”。4、切实加强卫生防疫工作，搞好被淹区域的消毒、防疫工作，确保大灾过后无大疫。5、组织人员疏导群众情绪，确保灾区社会稳定。,天降大雨--水位暴涨--特大洪水--冲毁桥梁,未知,未知
7.22河南陇海荥阳段铁路桥塌方事件,梁式桥,钢筋混凝土桥,桥面,夏,下午,华中区域,河南郑州,县级市,水利事故,冲刷,坍塌,2005年7月22日,河南省郑州市荣阳县,1、郑州铁路局局长徐宜发迅速赶到现场指挥。从巩义、三门峡紧急调援过来的30个车皮的片石，被运送到抢险现场。2、立即封锁铁路，防止出现严重事故。3、加紧抢险，争取尽早恢复通行。4、郑州管内的相关列车要停开，第三要迂回直通列车，如北京到西安的列车，可从新乡、焦作、洛阳绕行，尽量减小对旅客的影响。5、车站和列车工作人员要做好中途停摆列车的旅客服务工作，耐心解释，争取旅客的谅解，尽最大努力，保证在零点前恢复整个线路的通行。,天降大雨--铁路桥雨水冲刷--铁路桥出现渗水险情--小面积塌方--大面积塌方--路基有一半塌陷--封锁铁路--抢险救灾,未知,未知
6.20江西鹰潭鱼塘大桥坍塌事故,梁式桥,钢筋混凝土桥,桥面,夏,凌晨,华东区域,江西鹰潭,地级市,水利事故,洪水,坍塌,2010年6月20日,江西鹰潭市龙虎山206国道,1、省委、省政府和交通运输部高度重视灾后重建工作。2、市委、市政府的高度重视及沿线各相关部门的配合下，鹰潭市公路局按照“先抢通，后重建”的方案要求开始进行抢修。3、,天降大雨--突发洪水--冲断大桥,未知,未知
9.7新疆克州阿扎克乡桥坍塌事故,梁式桥,钢筋混凝土桥,桥墩,秋,上午,西北区域,新疆克孜勒苏柯尔克孜,乡镇,水利事故,洪水,坍塌,2019年9月7日,新疆省克孜勒苏柯尔克孜自治州阿扎克乡,未知,天降大雨--突发洪水--冲断大桥,未知,未知
7.29四川广元瓦子桥坍塌事故,梁式桥,钢筋混凝土桥,桥墩,夏,早晨,西南区域,四川广元,乡镇,水利事故,洪水,坍塌,2019年7月29日,四川省广元市朝天区羊木镇,未知,天降大雨--引发洪水--冲塌大桥,未知,未知
7.29四川凉山凉红桥坍塌事故,梁式桥,钢筋混凝土桥,桥墩,夏,上午,西南区域,四川凉山,县级市,水利事故,洪水,坍塌,2019年7月29日,四川省凉山州甘洛县,1、当地公路部门已组织人员、机械开展抢通作业。,天降大雨--引发洪水--引发泥石流--冲塌大桥,未知,未知
7.6福建南平桂溪八字撑木平廊桥坍塌事故,组合体系桥,木桥,桥面,夏,晚上,华东区域,福建南平,乡镇,水利事故,洪水,坍塌,2019年7月6日,福建省南平市顺昌县仁寿镇,未知,突发洪水--冲毁廊桥,未知,未知
7.7福建南平桥下村廊桥坍塌事故,组合体系桥,复合材料桥,桥面,夏,清晨,华东区域,福建南平,乡镇,水利事故,洪水,坍塌,2019年7月7日,福建省南平市顺昌县仁寿镇桥下村,未知,突发洪水--冲毁廊桥,未知,未知
7.6福建南平武夷山麻坜桥坍塌事故,梁式桥,钢筋混凝土桥,桥墩,夏,清晨,华东区域,福建南平,县级市,水利事故,洪水,坍塌,2019年7月6日,福建省南平市武夷山市,1、武夷山相关部门领导至武夷山市城东片区灾害点兔岗巷查看现场。2、施工人员抓紧抢修。,突发洪水--冲毁桥梁,未知,未知
7.5福建南平溪东乡桥坍塌事故,梁式桥,钢筋混凝土桥,桥面,夏,晚上,华东区域,福建南平,乡镇,水利事故,洪水,坍塌,2019年7月5日,福建省南平市松溪县溪东乡桥,未知,突发洪水--冲毁桥梁,未知,未知
7.18黑龙江哈尔滨苇沙河铁桥,梁式桥,钢桥,桥墩,夏,中午,东北区域,黑龙江哈尔滨,县级市,水利事故,洪水,坍塌,2019年7月18日,黑龙江省哈尔滨市尚志市苇河,未知,突发洪水--冲垮桥梁,未知,未知
11.28重庆黔江风雨廊桥事故,拱式桥,钢筋混凝土桥,桥面,秋,凌晨,西南区域,重庆黔江,乡镇,火灾事故,火灾,严重损伤,2013年11月28日,重庆市黔江区濯水古镇,1、黔江区消防支队官兵立即赶到现场开展灭火工作。2、中共黔江区委、区政府有关领导及部门，迅速赶往现场开展相关工作。 3、黔江区委书记杨宏伟组织有关部门召开紧急会议。会议成立了综合统筹协调组、火灾调查组、现场稳控组、信息报送组、损失评估组、后勤保障组，开展火灾处置及善后工作。4、迅速查清火灾原因，准确评估火灾损失，严格火灾责任认定；做好群众疏导稳控，严防次生灾害发生。,突发火灾--烧毁廊桥上部木质结构,未知,未知
8.1陕西宝鸡六川桥坍塌事故,梁式桥,钢筋混凝土桥,桥面,夏,下午,西北区域,陕西宝鸡,乡镇,水利事故,洪水,坍塌,2010年8月1日,陕西省宝鸡市金台区硖石乡,1、公安部门大桥进行封锁，严禁行人及车辆通行。,突降大雨--河水暴涨--洪水冲击--桥面断裂--桥梁坍塌,未知,未知
3.19广西桂林湘江大桥船撞事故,梁式桥,钢筋混凝土桥,桥墩,春,上午,华南区域,广西桂林,省会城市,碰撞事故,船只碰撞,中度损伤,2020年3月19日,广西省桂林市全州县G72泉南高速全州往湖南方向,1、事故发生后，交警部门立即全幅封锁高速全州往湖南方向路段。2、交警部门发布通知情况。3、经事故处置小组决定，施救小组采取吊装固定和切割分解挖沙船方式进行处置作业，分解件需在高速公路上装车运离现场。,挖沙船未固定好--上游推至湘江大桥--撞击桥梁--挖沙船翻倒,未知,未知
7.22天津滨海跨永定新河特大桥船撞事故,梁式桥,钢筋混凝土桥,桥墩,夏,早晨,华北区域,天津滨海,直辖市,碰撞事故,船只碰撞,轻微损伤,2016年7月22日,天津市海滨新区滨海大道,未知,无证船舶载运海砂--行驶在航道--操纵不当--触碰大桥--船舶沉没--桥墩受损,未知,未知
7.24广东廉江西山大桥坍塌事故,梁式桥,钢筋混凝土桥,桥面,夏,下午,华南区域,广东廉江,乡镇,其他事故,非法抽沙,坍塌,2015年7月24日,广东省廉江市横山镇,1、桥梁坍塌后，当地镇村干部迅速做好应急安全措施，封闭桥两边道路并拉起安全警戒线，不让车辆和行人通行。2、有关部门争取早日建好新桥，或先搭建一座简易临时桥，供村名通行。3、严厉打击这里的非法抽沙行为，确保桥梁和沿河两岸村民的生命财产安全。,下游大型抽沙场非法抽沙--桥墩被淘空--连续暴雨，当地河水位高涨--桥梁坍塌,未知,未知
6.20湖北赤壁东洲大桥事故,梁式桥,钢筋混凝土桥,除以上部位之外的桥面上其他部位,夏,凌晨,华中区域,湖北赤壁,县级市,碰撞事故,车撞,严重损伤,2021年6月20日,湖北省赤壁市,1、事故发生后，赤壁市组织消防、公安、交通、商务、应急、住建、水利、环保等部门迅速进行应急处置。2、公安机关对肇事司机进行控制。3、对东洲桥主体进行安全检测。4、对大桥双向交通实施7天的交通管制。,油罐车撞限高架--油罐车起火--大桥北限高架受损--交通管制,未知,未知
5.5广东广州虎门大桥晃动事故,悬索桥,钢筋混凝土桥,桥面,春,下午,华南区域,广东广州,省会城市,其他事故,限幅涡振,基本完好,2020年5月5日,广东省广州市南沙区,1、事故发生后，虎门大桥公司立刻联合交警对主线、太平立交站、威远A站、南沙B站入口实施全封闭交通管制；并对广珠东线、广珠北段、广深沿江高速、广深高速等相关路段进行远端分流。2、启动《虎门区域跨江大桥应急保畅通联动预案》一级响应，太平立交站、威远A站、南沙B站入口均实施全封闭交通管制，往广珠东高速方向车辆分流至威远B站出口、往广深高速方向车辆分流至南沙A出口下高速。3、组织养护技术人员对桥体进行检查并组织专家研判，相关领域专家已赶赴现场，对桥面抖动情况进行实地分析。,遇到强风--桥梁限幅涡振--大桥晃动--交通管制,未知,未知
8.8广东清远青莲公路桥坍塌事故,拱式桥,钢筋混凝土桥,桥面,夏,早晨,华南区域,广东清远,县级市,过载事故,超载,坍塌,2009年8月8日,广东省清远市阳山县,1、相关部门已启动应急预案，开通渡船疏导行人，汽车绕道行驶。,运煤卡车超载--通过桥梁--桥面坍塌--大桥第二跨的一个拱肋压断,未知,未知
11.24江西宜春赣江大桥船撞事故,梁式桥,钢筋混凝土桥,桥墩,秋,傍晚,华东区域,江西宜春,县级市,碰撞事故,船只碰撞,轻微损伤,2015年11月24日,江西省宜春市丰城市,1、当地海事部门立即前往救援赶到，及时救起5名船员。2、省水上搜救中心调派大型救援船赶赴现场参与打捞。,运砂船驾驶员操作不当--过桥孔时角度出现偏差--水流急速--船身与桥墩擦碰--货船翻沉,未知,未知
7.13江苏南通蔡渡大桥船撞事故,梁式桥,钢筋混凝土桥,桥面,夏,早晨,华东区域,江苏南通,地级市,碰撞事故,船只碰撞,坍塌 ,2007年7月13日,江苏省南通市如东县马塘镇,1、海事会同公安、交通、马塘镇政府等部门召开紧急会议，联系打捞船只，尽快恢复航道。2、分析调查事故原因，对过往般只采取临时改道。,运输船队通航--碰撞大桥--大桥坍塌,未知,未知
7.8湖北黄冈吴家咀大桥船撞事件,梁式桥,钢筋混凝土桥,桥墩,夏,晚上,华中区域,湖北黄冈,乡镇,碰撞事故,船只碰撞 ,坍塌,2010年7月8日,湖北省黄冈市浠水县白莲镇,未知,遭遇大暴雨--沈家河河水暴涨--上游冲来采砂船--撞上大桥--大桥坍塌,未知,未知
8.6广东燕岗桥坍塌事故,拱式桥,钢筋混凝土桥,桥墩,夏,下午,华南区域,广东广州,省会城市,水利事故,洪水,坍塌,2001年8月6日,广东省广州市增城区,1、封锁大桥。2、公安、交警、公路等部门来现场察看情况。3、重建桥梁。,长期暴雨洪水--桥墩老化，基础冲空--桥梁倒塌,未知,未知
8.11湖北黄冈上巴河大桥事故,梁式桥,钢筋混凝土桥,桥面,夏,下午,华中区域,湖北黄冈,县级市,疲劳事故,疲劳,中度损伤,2013年8月11日,湖北省黄冈市团风县,1、黄冈市委、市政府明确团风县政府为主体责任。2、水利部门限期对河道禁采。3、交通公路部门负责改造加固。,长期大型车辆通过--桥面破坏严重--河道无序开采--河床下降--防冲刷设施全部垮塌,未知,未知
6.14广东矮江桥坍塌事故,梁式桥,钢筋混凝土桥,桥墩,夏,凌晨,华南区域,广东深圳,乡镇,疲劳事故,疲劳,坍塌,2004年6月14日,广东省深圳市龙岗区坪地镇年丰村,1、有关部门将桥面封锁，车辆和行人都不得行走。2、对桥梁进行拆除重建。,长期大型车辆通行--桥梁不堪重负--桥墩基石断裂，梁柱出现裂缝并露出钢筋，桥面部分凹陷,未知,未知
7.1山西吕梁忻黑线九龙湾2号坍塌事故,梁式桥,钢筋混凝土桥,桥面,夏,上午,华北区域,山西吕梁,县级市,水利事故,冲刷,坍塌,2010年7月1日,山西省吕梁市兴县省道忻黑线,1、榆林市委常委、常务副市长赵政才立即作出批示，要求神木县政府加强与兴县协调，另选通行线路；市交警支队加强做好上路疏导工作，并要求新闻单位尽快发布信息。2、榆林市交警支队、神木县交警大队已于事发当天派员赴山西兴县进一步了解情况，并结合实际，及时提出应急措施：迅速组织警力，将神盘路向东通行车辆分别向204省道、210国道、榆神高速公路南下分流和301省道北上分流；随着车辆分流，以上几条道路通行压力将会更大，拥堵现象会更严重。市交警支队要求所辖的神木、府谷、绥德、米脂等大队和支队相关大队要全警动员，采取超常措施，全力做好宣传疏导和排堵工作。3、山西省、市公路方面专家经过对现场进行勘察，已经制定了抢修方案,长期雨水冲刷--大桥水毁严重--发生坍塌,未知,未知
11.20甘肃兰州黄河大桥护堤坍塌事故,梁式桥,钢筋混凝土桥,桥梁附属结构物,秋,上午,西北区域,甘肃兰州,省会城市,疲劳事故,疲劳,坍塌,2008年11月20日,甘肃省兰州市南滨河路,"1、事发后兰州市建管委督促市政管理处紧急启动市政设施应急预案,兰州市建委、市政公司、园林等单位相关领导亲赴现场，研究治理措施。2、对坍塌河堤进行修复。",长期雨水冲刷--护堤坍塌,未知,未知
4.12河南漯河澧河大桥坍塌事故,梁式桥,钢筋混凝土桥,桥面,春,凌晨,华中区域,河南漯河,地级市,过载事故,超载,坍塌,2009年4月12日,河南省漯河市107国道,1、路政巡查人员立即对该桥进行封堵断行。2、数辆出租车也打开应急灯，挡在大桥两头以防止其他车辆再次发生事故。3、漯河市副市长刘风山、谢连章，市政府秘书长高喜东立即赶赴现场，市交通、公路、公安等部门以及源汇区政府相关部门人员也相继到达现场，对事故进行善后处置。4、市、区两级交通部门迅速派出多名路政人员对现场采取24小时轮流值班，配合公安交警部门在市区南环路、北环路路口分流过往车辆，避免交通堵塞。5、市交警部门在大桥两端部署警戒线，对来往车辆进行分流疏导，实行半幅通行。6、成立事故调查组，对事故发生情况进行调查。,重型拖挂车严重超载--行驶在澧河大桥--桥面坍塌,未知,未知
3.25浙江杭州五常收费斜交桥断裂事故,梁式桥,钢筋混凝土桥,桥墩,春,傍晚,华东区域,浙江杭州,省会城市,其他事故,施工堆土,坍塌,2016年3月25日,浙江省杭州市绕城西线五常收费站,1、市委市政府高度重视，迅速成立由交通部门牵头的现场处置指挥部，连夜开展处置工作。2、对现场进行警戒和保护，确保不发生次生事故。3、立即组织专家对现场进行踏勘。4、组织力量和设备对通车半幅桥梁安全性进行检测，确保通行安全。5、立即调集施工设备，对桥墩周边堆集的渣土进行卸载，消除安全隐患。6、连夜组织技术人员制定抢修方案，迅速启动抢修工作，努力尽早恢复通,周边工地施工堆土处置不当--桥墩倾斜梁板滑落--桥面塌陷,未知,未知
12.28上海黄浦河南路桥桥墩开裂事故,梁式桥,钢筋混凝土桥,桥墩,冬,上午,华东区域,上海浦东,直辖市,设计事故,装饰开裂,基本完好,2009年12月28日,上海市黄浦区苏州河河南路桥,1、装饰单位对侧向装饰部位进行整修。,装饰部位出现开裂--桥墩表面开裂--桥梁结构无安全隐患,未知,未知
6.23广西合浦文尉坊大桥引桥坍塌事故,梁式桥,钢筋混凝土桥,桥面,夏,上午,华南区域,广西北海,县级市,疲劳事故,疲劳,坍塌,2001年6月23日,广西省北海市合浦县,未知,未知,未知,未知
